{"default_score": {"acc": 0.5653846153846154, "time2eval": 126.52070665359497, "training_iteration": 0, "config": {}, "experiment_tag": "exp", "time_total_s": 126.52076482772827}, "flaml_score": {"acc": 0.7115384615384616, "time2eval": 63.574878454208374, "training_iteration": 0, "config": {"batch_size": 282, "learning_rate": 0.0002922842713782271, "graident": 0.04917796034844509, "square": 0.005133692528804051, "eps": 2.05501953907261e-06, "weight_decay": 0.00024423292019907415, "arch": "resnet101"}, "config/batch_size": 282, "config/learning_rate": 0.0002922842713782271, "config/graident": 0.04917796034844509, "config/square": 0.005133692528804051, "config/eps": 2.05501953907261e-06, "config/weight_decay": 0.00024423292019907415, "config/arch": "resnet101", "experiment_tag": "exp", "time_total_s": 63.57494568824768}, "flaml_config": {"batch_size": 282, "learning_rate": 0.0002922842713782271, "graident": 0.04917796034844509, "square": 0.005133692528804051, "eps": 2.05501953907261e-06, "weight_decay": 0.00024423292019907415, "arch": "resnet101"}}