{"default_score": {"acc": 0.64140625, "time2eval": 92.78981947898865, "training_iteration": 0, "config": {}, "experiment_tag": "exp", "time_total_s": 92.7898759841919}, "flaml_score": {"acc": 0.7706422018348624, "time2eval": 261.95138478279114, "training_iteration": 0, "config": {"batch_size": 109, "learning_rate": 0.0001398635941007034, "graident": 0.04859293546910359, "square": 0.022594518385203127, "eps": 8.498703159519986e-05, "weight_decay": 2.1843247596557744e-09, "arch": "inception"}, "config/batch_size": 109, "config/learning_rate": 0.0001398635941007034, "config/graident": 0.04859293546910359, "config/square": 0.022594518385203127, "config/eps": 8.498703159519986e-05, "config/weight_decay": 2.1843247596557744e-09, "config/arch": "inception", "experiment_tag": "exp", "time_total_s": 261.9514648914337}, "flaml_config": {"batch_size": 109, "learning_rate": 0.0001398635941007034, "graident": 0.04859293546910359, "square": 0.022594518385203127, "eps": 8.498703159519986e-05, "weight_decay": 2.1843247596557744e-09, "arch": "inception"}}