{"default_score": {"acc": 0.671484375, "time2eval": 54.17117953300476, "training_iteration": 0, "config": {}, "experiment_tag": "exp", "time_total_s": 54.17125058174133}, "flaml_score": {"acc": 0.7460876369327074, "time2eval": 94.98452138900757, "training_iteration": 0, "config": {"batch_size": 71, "learning_rate": 0.00339138714108923, "graident": 0.006189319522945143, "square": 0.034762116162316475, "eps": 7.829694599131832e-05, "weight_decay": 2.6806489712394177e-08, "arch": "inception"}, "config/batch_size": 71, "config/learning_rate": 0.00339138714108923, "config/graident": 0.006189319522945143, "config/square": 0.034762116162316475, "config/eps": 7.829694599131832e-05, "config/weight_decay": 2.6806489712394177e-08, "config/arch": "inception", "experiment_tag": "exp", "time_total_s": 94.98459315299988}, "flaml_config": {"batch_size": 71, "learning_rate": 0.00339138714108923, "graident": 0.006189319522945143, "square": 0.034762116162316475, "eps": 7.829694599131832e-05, "weight_decay": 2.6806489712394177e-08, "arch": "inception"}}