{"default_score": {"acc": 0.6350446428571429, "time2eval": 60.56971621513367, "training_iteration": 0, "config": {}, "experiment_tag": "exp", "time_total_s": 60.56978487968445}, "flaml_score": {"acc": 0.7574370709382151, "time2eval": 318.3615779876709, "training_iteration": 0, "config": {"batch_size": 92, "learning_rate": 8.880750265291188e-05, "graident": 0.022962791381165634, "square": 0.046825864775336644, "eps": 2.4330344701759248e-05, "weight_decay": 1e-09, "arch": "inception"}, "config/batch_size": 92, "config/learning_rate": 8.880750265291188e-05, "config/graident": 0.022962791381165634, "config/square": 0.046825864775336644, "config/eps": 2.4330344701759248e-05, "config/weight_decay": 1e-09, "config/arch": "inception", "experiment_tag": "exp", "time_total_s": 318.3616621494293}, "flaml_config": {"batch_size": 92, "learning_rate": 8.880750265291188e-05, "graident": 0.022962791381165634, "square": 0.046825864775336644, "eps": 2.4330344701759248e-05, "weight_decay": 1e-09, "arch": "inception"}}