{"default_score": {"acc": 0.6538461538461539, "time2eval": 58.83966302871704, "training_iteration": 0, "config": {}, "experiment_tag": "exp", "time_total_s": 58.839720487594604}, "flaml_score": {"acc": 0.7538461538461538, "time2eval": 242.26966166496277, "training_iteration": 0, "config": {"batch_size": 366, "learning_rate": 0.00013278471081311922, "graident": 0.0017481639965052029, "square": 0.02477707346502737, "eps": 5.7760401193500565e-06, "weight_decay": 2.1340152854549556e-09, "arch": "inception"}, "config/batch_size": 366, "config/learning_rate": 0.00013278471081311922, "config/graident": 0.0017481639965052029, "config/square": 0.02477707346502737, "config/eps": 5.7760401193500565e-06, "config/weight_decay": 2.1340152854549556e-09, "config/arch": "inception", "experiment_tag": "exp", "time_total_s": 242.26977252960205}, "flaml_config": {"batch_size": 366, "learning_rate": 0.00013278471081311922, "graident": 0.0017481639965052029, "square": 0.02477707346502737, "eps": 5.7760401193500565e-06, "weight_decay": 2.1340152854549556e-09, "arch": "inception"}}