{"default_score": {"acc": 0.6127333333333334, "time2eval": 57.51485872268677, "training_iteration": 0, "config": {}, "experiment_tag": "exp", "time_total_s": 57.51492953300476}, "flaml_score": {"acc": 0.6537333333333334, "time2eval": 1562.321700811386, "training_iteration": 0, "config": {"batch_size": 295, "learning_rate": 1e-05, "graident": 0.1852155032456171, "square": 0.21205689126657773, "eps": 5.595088907512273e-06, "weight_decay": 2.469424273477817e-09, "arch": "resnet101"}, "config/batch_size": 295, "config/learning_rate": 1e-05, "config/graident": 0.1852155032456171, "config/square": 0.21205689126657773, "config/eps": 5.595088907512273e-06, "config/weight_decay": 2.469424273477817e-09, "config/arch": "resnet101", "experiment_tag": "exp", "time_total_s": 1562.321776151657}, "flaml_config": {"batch_size": 295, "learning_rate": 1e-05, "graident": 0.1852155032456171, "square": 0.21205689126657773, "eps": 5.595088907512273e-06, "weight_decay": 2.469424273477817e-09, "arch": "resnet101"}}