{"default_score": {"acc": 0.6034285714285714, "time2eval": 38.44789743423462, "training_iteration": 0, "config": {}, "experiment_tag": "exp", "time_total_s": 38.44795274734497}, "flaml_score": {"acc": 0.6688571428571428, "time2eval": 1030.586618900299, "training_iteration": 0, "config": {"batch_size": 274, "learning_rate": 1e-05, "graident": 0.9999, "square": 0.020964606096565724, "eps": 1.2080288668490934e-06, "weight_decay": 1.0944195634362962e-09, "arch": "inception"}, "config/batch_size": 274, "config/learning_rate": 1e-05, "config/graident": 0.9999, "config/square": 0.020964606096565724, "config/eps": 1.2080288668490934e-06, "config/weight_decay": 1.0944195634362962e-09, "config/arch": "inception", "experiment_tag": "exp", "time_total_s": 1030.5867238044739}, "flaml_config": {"batch_size": 274, "learning_rate": 1e-05, "graident": 0.9999, "square": 0.020964606096565724, "eps": 1.2080288668490934e-06, "weight_decay": 1.0944195634362962e-09, "arch": "inception"}}