{"default_score": {"acc": 0.4713541666666667, "time2eval": 104.84684920310974, "training_iteration": 0, "config": {}, "experiment_tag": "exp", "time_total_s": 104.8469078540802}, "flaml_score": {"acc": 0.5352941176470588, "time2eval": 117.98038005828857, "training_iteration": 0, "config": {"batch_size": 68, "learning_rate": 0.005751137826276283, "graident": 0.0035610681628374372, "square": 0.03326249373244387, "eps": 0.0006865367120401954, "weight_decay": 1e-09, "arch": "resnet50"}, "config/batch_size": 68, "config/learning_rate": 0.005751137826276283, "config/graident": 0.0035610681628374372, "config/square": 0.03326249373244387, "config/eps": 0.0006865367120401954, "config/weight_decay": 1e-09, "config/arch": "resnet50", "experiment_tag": "exp", "time_total_s": 117.98046088218689}, "flaml_config": {"batch_size": 68, "learning_rate": 0.005751137826276283, "graident": 0.0035610681628374372, "square": 0.03326249373244387, "eps": 0.0006865367120401954, "weight_decay": 1e-09, "arch": "resnet50"}}