{"default_score": {"acc": 0.2857142857142857, "time2eval": 21.36689805984497, "training_iteration": 0, "config": {}, "experiment_tag": "exp", "time_total_s": 21.366968393325806}, "flaml_score": {"acc": 0.4107142857142857, "time2eval": 23.967155694961548, "training_iteration": 0, "config": {"batch_size": 112, "learning_rate": 0.0012041831559205715, "graident": 0.16549633286834925, "square": 0.00725318448100345, "eps": 0.0001388742291008971, "weight_decay": 6.22817404356638e-08, "arch": "resnet50"}, "config/batch_size": 112, "config/learning_rate": 0.0012041831559205715, "config/graident": 0.16549633286834925, "config/square": 0.00725318448100345, "config/eps": 0.0001388742291008971, "config/weight_decay": 6.22817404356638e-08, "config/arch": "resnet50", "experiment_tag": "exp", "time_total_s": 23.967246294021606}, "flaml_config": {"batch_size": 112, "learning_rate": 0.0012041831559205715, "graident": 0.16549633286834925, "square": 0.00725318448100345, "eps": 0.0001388742291008971, "weight_decay": 6.22817404356638e-08, "arch": "resnet50"}}