{"default_score": {"acc": 0.41015625, "time2eval": 91.05808973312378, "training_iteration": 0, "config": {}, "experiment_tag": "exp", "time_total_s": 91.05814456939697}, "flaml_score": {"acc": 0.5244444444444445, "time2eval": 99.92324352264404, "training_iteration": 0, "config": {"batch_size": 75, "learning_rate": 0.00018774299761959803, "graident": 0.0029145759907856705, "square": 0.002610661276665116, "eps": 0.00031048209328242654, "weight_decay": 5.383156362148102e-09, "arch": "resnet101"}, "config/batch_size": 75, "config/learning_rate": 0.00018774299761959803, "config/graident": 0.0029145759907856705, "config/square": 0.002610661276665116, "config/eps": 0.00031048209328242654, "config/weight_decay": 5.383156362148102e-09, "config/arch": "resnet101", "experiment_tag": "exp", "time_total_s": 99.92330694198608}, "flaml_config": {"batch_size": 75, "learning_rate": 0.00018774299761959803, "graident": 0.0029145759907856705, "square": 0.002610661276665116, "eps": 0.00031048209328242654, "weight_decay": 5.383156362148102e-09, "arch": "resnet101"}}