{"default_score": {"acc": 0.5078125, "time2eval": 144.4812252521515, "training_iteration": 0, "config": {}, "experiment_tag": "exp", "time_total_s": 144.4812867641449}, "flaml_score": {"acc": 0.5573440643863179, "time2eval": 138.24874830245972, "training_iteration": 0, "config": {"batch_size": 71, "learning_rate": 0.0014958206030205908, "graident": 0.012815840931143406, "square": 0.00849502751956091, "eps": 0.00011129670492796083, "weight_decay": 2.994287511876426e-08, "arch": "resnet50"}, "config/batch_size": 71, "config/learning_rate": 0.0014958206030205908, "config/graident": 0.012815840931143406, "config/square": 0.00849502751956091, "config/eps": 0.00011129670492796083, "config/weight_decay": 2.994287511876426e-08, "config/arch": "resnet50", "experiment_tag": "exp", "time_total_s": 138.2488181591034}, "flaml_config": {"batch_size": 71, "learning_rate": 0.0014958206030205908, "graident": 0.012815840931143406, "square": 0.00849502751956091, "eps": 0.00011129670492796083, "weight_decay": 2.994287511876426e-08, "arch": "resnet50"}}