{"default_score": {"acc": 0.4260355029585799, "time2eval": 65.65677380561829, "training_iteration": 0, "config": {}, "experiment_tag": "exp", "time_total_s": 65.65684485435486}, "flaml_score": {"acc": 0.5088757396449705, "time2eval": 66.19142293930054, "training_iteration": 0, "config": {"batch_size": 122, "learning_rate": 0.0034895462914025827, "graident": 0.0492825264987205, "square": 0.016625876331911437, "eps": 4.8594312539127956e-05, "weight_decay": 6.282174870174655e-07, "arch": "resnet50"}, "config/batch_size": 122, "config/learning_rate": 0.0034895462914025827, "config/graident": 0.0492825264987205, "config/square": 0.016625876331911437, "config/eps": 4.8594312539127956e-05, "config/weight_decay": 6.282174870174655e-07, "config/arch": "resnet50", "experiment_tag": "exp", "time_total_s": 66.19152760505676}, "flaml_config": {"batch_size": 122, "learning_rate": 0.0034895462914025827, "graident": 0.0492825264987205, "square": 0.016625876331911437, "eps": 4.8594312539127956e-05, "weight_decay": 6.282174870174655e-07, "arch": "resnet50"}}