{"default_score": {"acc": 0.46878830815277095, "time2eval": 171.10631704330444, "training_iteration": 0, "config": {}, "experiment_tag": "exp", "time_total_s": 171.10639142990112}, "flaml_score": {"acc": 0.560361708563514, "time2eval": 590.812020778656, "training_iteration": 0, "config": {"batch_size": 135, "learning_rate": 5.919254629213775e-05, "graident": 0.9999, "square": 0.8239678932984721, "eps": 1.3382045929111983e-05, "weight_decay": 0.0008454655309863164, "arch": "resnet18"}, "config/batch_size": 135, "config/learning_rate": 5.919254629213775e-05, "config/graident": 0.9999, "config/square": 0.8239678932984721, "config/eps": 1.3382045929111983e-05, "config/weight_decay": 0.0008454655309863164, "config/arch": "resnet18", "experiment_tag": "exp", "time_total_s": 590.8121151924133}, "flaml_config": {"batch_size": 135, "learning_rate": 5.919254629213775e-05, "graident": 0.9999, "square": 0.8239678932984721, "eps": 1.3382045929111983e-05, "weight_decay": 0.0008454655309863164, "arch": "resnet18"}}