{"default_score": {"acc": 0.4730381621053637, "time2eval": 93.46923041343689, "training_iteration": 0, "config": {}, "experiment_tag": "exp", "time_total_s": 93.46930241584778}, "flaml_score": {"acc": 0.5354635334575154, "time2eval": 236.60198211669922, "training_iteration": 0, "config": {"batch_size": 64, "learning_rate": 0.0003435183507573231, "graident": 0.8837771436894544, "square": 0.721419317048077, "eps": 3.0626898154353003e-06, "weight_decay": 0.0030399443765368682, "arch": "resnet18"}, "config/batch_size": 64, "config/learning_rate": 0.0003435183507573231, "config/graident": 0.8837771436894544, "config/square": 0.721419317048077, "config/eps": 3.0626898154353003e-06, "config/weight_decay": 0.0030399443765368682, "config/arch": "resnet18", "experiment_tag": "exp", "time_total_s": 236.60210275650024}, "flaml_config": {"batch_size": 64, "learning_rate": 0.0003435183507573231, "graident": 0.8837771436894544, "square": 0.721419317048077, "eps": 3.0626898154353003e-06, "weight_decay": 0.0030399443765368682, "arch": "resnet18"}}