{"default_score": {"acc": 0.47022140347286184, "time2eval": 216.71761393547058, "training_iteration": 0, "config": {}, "experiment_tag": "exp", "time_total_s": 216.71769046783447}, "flaml_score": {"acc": 0.557916282877904, "time2eval": 862.9878392219543, "training_iteration": 0, "config": {"batch_size": 161, "learning_rate": 3.1839274400162956e-05, "graident": 0.012374791926613324, "square": 0.037127195024645614, "eps": 4.098434901167553e-06, "weight_decay": 1e-09, "arch": "resnet18"}, "config/batch_size": 161, "config/learning_rate": 3.1839274400162956e-05, "config/graident": 0.012374791926613324, "config/square": 0.037127195024645614, "config/eps": 4.098434901167553e-06, "config/weight_decay": 1e-09, "config/arch": "resnet18", "experiment_tag": "exp", "time_total_s": 862.9879291057587}, "flaml_config": {"batch_size": 161, "learning_rate": 3.1839274400162956e-05, "graident": 0.012374791926613324, "square": 0.037127195024645614, "eps": 4.098434901167553e-06, "weight_decay": 1e-09, "arch": "resnet18"}}