{"default_score": {"acc": 0.4691896951924271, "time2eval": 186.61391305923462, "training_iteration": 0, "config": {}, "experiment_tag": "exp", "time_total_s": 186.61398720741272}, "flaml_score": {"acc": 0.5542320587645312, "time2eval": 903.8293342590332, "training_iteration": 0, "config": {"batch_size": 202, "learning_rate": 4.0657521185455566e-05, "graident": 0.03864126025340914, "square": 0.1494945020734838, "eps": 9.86926015962657e-06, "weight_decay": 3.1012315081204643e-07, "arch": "resnet18"}, "config/batch_size": 202, "config/learning_rate": 4.0657521185455566e-05, "config/graident": 0.03864126025340914, "config/square": 0.1494945020734838, "config/eps": 9.86926015962657e-06, "config/weight_decay": 3.1012315081204643e-07, "config/arch": "resnet18", "experiment_tag": "exp", "time_total_s": 903.8294250965118}, "flaml_config": {"batch_size": 202, "learning_rate": 4.0657521185455566e-05, "graident": 0.03864126025340914, "square": 0.1494945020734838, "eps": 9.86926015962657e-06, "weight_decay": 3.1012315081204643e-07, "arch": "resnet18"}}