{"default_score": {"acc": 0.28, "time2eval": 409.1364209651947, "training_iteration": 0, "config": {}, "experiment_tag": "exp", "time_total_s": 409.13649106025696}, "flaml_score": {"acc": 0.286, "time2eval": 287.6735796928406, "training_iteration": 0, "config": {"batch_size": 124, "learning_rate": 0.02347837718285991, "graident": 0.021158278715292703, "square": 0.02004578786288327, "eps": 7.133471581159142e-05, "weight_decay": 3.9081182676147115e-06, "arch": "resnet18"}, "config/batch_size": 124, "config/learning_rate": 0.02347837718285991, "config/graident": 0.021158278715292703, "config/square": 0.02004578786288327, "config/eps": 7.133471581159142e-05, "config/weight_decay": 3.9081182676147115e-06, "config/arch": "resnet18", "experiment_tag": "exp", "time_total_s": 287.673654794693}, "flaml_config": {"batch_size": 124, "learning_rate": 0.02347837718285991, "graident": 0.021158278715292703, "square": 0.02004578786288327, "eps": 7.133471581159142e-05, "weight_decay": 3.9081182676147115e-06, "arch": "resnet18"}}