{"default_score": {"acc": 0.312, "time2eval": 333.86660647392273, "training_iteration": 0, "config": {}, "experiment_tag": "exp", "time_total_s": 333.86668133735657}, "flaml_score": {"acc": 0.382, "time2eval": 740.3262736797333, "training_iteration": 0, "config": {"batch_size": 80, "learning_rate": 5.0435456818304715e-05, "graident": 0.01377800301007484, "square": 0.14433687135894427, "eps": 2.245366557578982e-06, "weight_decay": 3.301635042667564e-06, "arch": "resnet101"}, "config/batch_size": 80, "config/learning_rate": 5.0435456818304715e-05, "config/graident": 0.01377800301007484, "config/square": 0.14433687135894427, "config/eps": 2.245366557578982e-06, "config/weight_decay": 3.301635042667564e-06, "config/arch": "resnet101", "experiment_tag": "exp", "time_total_s": 740.3263621330261}, "flaml_config": {"batch_size": 80, "learning_rate": 5.0435456818304715e-05, "graident": 0.01377800301007484, "square": 0.14433687135894427, "eps": 2.245366557578982e-06, "weight_decay": 3.301635042667564e-06, "arch": "resnet101"}}