{"default_score": {"acc": 0.24666666666666667, "time2eval": 211.8139522075653, "training_iteration": 0, "config": {}, "experiment_tag": "exp", "time_total_s": 211.81401681900024}, "flaml_score": {"acc": 0.28, "time2eval": 156.04833221435547, "training_iteration": 0, "config": {"batch_size": 109, "learning_rate": 0.09326024298741643, "graident": 0.011093913191272247, "square": 0.055966003647638964, "eps": 0.00017384812866298618, "weight_decay": 9.278091053142605e-06, "arch": "mobilenet"}, "config/batch_size": 109, "config/learning_rate": 0.09326024298741643, "config/graident": 0.011093913191272247, "config/square": 0.055966003647638964, "config/eps": 0.00017384812866298618, "config/weight_decay": 9.278091053142605e-06, "config/arch": "mobilenet", "experiment_tag": "exp", "time_total_s": 156.0484118461609}, "flaml_config": {"batch_size": 109, "learning_rate": 0.09326024298741643, "graident": 0.011093913191272247, "square": 0.055966003647638964, "eps": 0.00017384812866298618, "weight_decay": 9.278091053142605e-06, "arch": "mobilenet"}}