{"default_score": {"acc": 0.2947067238912732, "time2eval": 309.13625597953796, "training_iteration": 0, "config": {}, "experiment_tag": "exp", "time_total_s": 309.1363310813904}, "flaml_score": {"acc": 0.33047210300429186, "time2eval": 574.7951345443726, "training_iteration": 0, "config": {"batch_size": 209, "learning_rate": 0.00011839169741015348, "graident": 0.07814706406308616, "square": 0.019185484098602823, "eps": 5.95839150328782e-06, "weight_decay": 8.063846350393332e-07, "arch": "resnet50"}, "config/batch_size": 209, "config/learning_rate": 0.00011839169741015348, "config/graident": 0.07814706406308616, "config/square": 0.019185484098602823, "config/eps": 5.95839150328782e-06, "config/weight_decay": 8.063846350393332e-07, "config/arch": "resnet50", "experiment_tag": "exp", "time_total_s": 574.7952330112457}, "flaml_config": {"batch_size": 209, "learning_rate": 0.00011839169741015348, "graident": 0.07814706406308616, "square": 0.019185484098602823, "eps": 5.95839150328782e-06, "weight_decay": 8.063846350393332e-07, "arch": "resnet50"}}