{"default_score": {"acc": 0.4918648310387985, "time2eval": 47.47880411148071, "training_iteration": 0, "config": {}, "experiment_tag": "exp", "time_total_s": 47.4788703918457}, "flaml_score": {"acc": 0.4918648310387985, "time2eval": 96.05976510047913, "training_iteration": 0, "config": {"batch_size": 84, "learning_rate": 0.0034349663342747292, "graident": 0.012891269281695072, "square": 0.013304493215590834, "eps": 0.0006925896648024779, "weight_decay": 2.321096896243183e-09, "arch": "resnet101"}, "config/batch_size": 84, "config/learning_rate": 0.0034349663342747292, "config/graident": 0.012891269281695072, "config/square": 0.013304493215590834, "config/eps": 0.0006925896648024779, "config/weight_decay": 2.321096896243183e-09, "config/arch": "resnet101", "experiment_tag": "exp", "time_total_s": 96.05984854698181}, "flaml_config": {"batch_size": 84, "learning_rate": 0.0034349663342747292, "graident": 0.012891269281695072, "square": 0.013304493215590834, "eps": 0.0006925896648024779, "weight_decay": 2.321096896243183e-09, "arch": "resnet101"}}