{"default_score": {"acc": 0.44180225281602004, "time2eval": 35.05661058425903, "training_iteration": 0, "config": {}, "experiment_tag": "exp", "time_total_s": 35.05666708946228}, "flaml_score": {"acc": 0.4555694618272841, "time2eval": 107.10589909553528, "training_iteration": 0, "config": {"batch_size": 64, "learning_rate": 9.099167853784864e-05, "graident": 0.07996107366772583, "square": 0.024328996692229647, "eps": 2.4853065906056177e-06, "weight_decay": 2.7032929797084088e-08, "arch": "resnet50"}, "config/batch_size": 64, "config/learning_rate": 9.099167853784864e-05, "config/graident": 0.07996107366772583, "config/square": 0.024328996692229647, "config/eps": 2.4853065906056177e-06, "config/weight_decay": 2.7032929797084088e-08, "config/arch": "resnet50", "experiment_tag": "exp", "time_total_s": 107.10597920417786}, "flaml_config": {"batch_size": 64, "learning_rate": 9.099167853784864e-05, "graident": 0.07996107366772583, "square": 0.024328996692229647, "eps": 2.4853065906056177e-06, "weight_decay": 2.7032929797084088e-08, "arch": "resnet50"}}