{"default_score": {"acc": 0.48230246692885237, "time2eval": 42.81567621231079, "training_iteration": 0, "config": {}, "experiment_tag": "exp", "time_total_s": 42.81574082374573}, "flaml_score": {"acc": 0.49427958526993204, "time2eval": 38.39687991142273, "training_iteration": 0, "config": {"batch_size": 64, "learning_rate": 0.011184835740630743, "graident": 0.07388508381307574, "square": 0.00467132089693449, "eps": 0.00020567037484100137, "weight_decay": 2.499171652764391e-09, "arch": "resnet18"}, "config/batch_size": 64, "config/learning_rate": 0.011184835740630743, "config/graident": 0.07388508381307574, "config/square": 0.00467132089693449, "config/eps": 0.00020567037484100137, "config/weight_decay": 2.499171652764391e-09, "config/arch": "resnet18", "experiment_tag": "exp", "time_total_s": 38.39696502685547}, "flaml_config": {"batch_size": 64, "learning_rate": 0.011184835740630743, "graident": 0.07388508381307574, "square": 0.00467132089693449, "eps": 0.00020567037484100137, "weight_decay": 2.499171652764391e-09, "arch": "resnet18"}}