{"default_score": {"acc": 0.4864864864864865, "time2eval": 42.43377900123596, "training_iteration": 0, "config": {}, "experiment_tag": "exp", "time_total_s": 42.43384408950806}, "flaml_score": {"acc": 0.4964964964964965, "time2eval": 67.54095196723938, "training_iteration": 0, "config": {"batch_size": 67, "learning_rate": 0.0005962114302870522, "graident": 0.0712673230489123, "square": 0.011716931635572485, "eps": 1.7710214006011674e-06, "weight_decay": 3.33400578584172e-08, "arch": "resnet101"}, "config/batch_size": 67, "config/learning_rate": 0.0005962114302870522, "config/graident": 0.0712673230489123, "config/square": 0.011716931635572485, "config/eps": 1.7710214006011674e-06, "config/weight_decay": 3.33400578584172e-08, "config/arch": "resnet101", "experiment_tag": "exp", "time_total_s": 67.5410315990448}, "flaml_config": {"batch_size": 67, "learning_rate": 0.0005962114302870522, "graident": 0.0712673230489123, "square": 0.011716931635572485, "eps": 1.7710214006011674e-06, "weight_decay": 3.33400578584172e-08, "arch": "resnet101"}}