{"default_score": {"acc": 0.4863613613613614, "time2eval": 42.40630221366882, "training_iteration": 0, "config": {}, "experiment_tag": "exp", "time_total_s": 42.406367778778076}, "flaml_score": {"acc": 0.5176426426426426, "time2eval": 108.10849905014038, "training_iteration": 0, "config": {"batch_size": 64, "learning_rate": 0.004429066750853257, "graident": 0.1813096533626569, "square": 0.0037745400360126246, "eps": 5.153670189550622e-05, "weight_decay": 1e-09, "arch": "resnet18"}, "config/batch_size": 64, "config/learning_rate": 0.004429066750853257, "config/graident": 0.1813096533626569, "config/square": 0.0037745400360126246, "config/eps": 5.153670189550622e-05, "config/weight_decay": 1e-09, "config/arch": "resnet18", "experiment_tag": "exp", "time_total_s": 108.10858154296875}, "flaml_config": {"batch_size": 64, "learning_rate": 0.004429066750853257, "graident": 0.1813096533626569, "square": 0.0037745400360126246, "eps": 5.153670189550622e-05, "weight_decay": 1e-09, "arch": "resnet18"}}