{"default_score": {"acc": 0.2989309210526316, "time2eval": 243.66691255569458, "training_iteration": 0, "config": {}, "experiment_tag": "exp", "time_total_s": 243.6669807434082}, "flaml_score": {"acc": 0.3420168067226891, "time2eval": 327.15769934654236, "training_iteration": 0, "config": {"batch_size": 70, "learning_rate": 0.03595929148148648, "graident": 0.00867957085106681, "square": 0.07150892759484992, "eps": 0.0005307014522331632, "weight_decay": 5.004546040717692e-09, "arch": "mobilenet"}, "config/batch_size": 70, "config/learning_rate": 0.03595929148148648, "config/graident": 0.00867957085106681, "config/square": 0.07150892759484992, "config/eps": 0.0005307014522331632, "config/weight_decay": 5.004546040717692e-09, "config/arch": "mobilenet", "experiment_tag": "exp", "time_total_s": 327.15779399871826}, "flaml_config": {"batch_size": 70, "learning_rate": 0.03595929148148648, "graident": 0.00867957085106681, "square": 0.07150892759484992, "eps": 0.0005307014522331632, "weight_decay": 5.004546040717692e-09, "arch": "mobilenet"}}