{"default_score": {"acc": 0.23108552631578946, "time2eval": 497.35747718811035, "training_iteration": 0, "config": {}, "experiment_tag": "exp", "time_total_s": 497.35755443573}, "flaml_score": {"acc": 0.27445652173913043, "time2eval": 509.9328770637512, "training_iteration": 0, "config": {"batch_size": 138, "learning_rate": 0.006932733149718781, "graident": 0.009846920806423274, "square": 0.04234349326172977, "eps": 0.0005229169114381833, "weight_decay": 5.233287105889121e-08, "arch": "resnet101"}, "config/batch_size": 138, "config/learning_rate": 0.006932733149718781, "config/graident": 0.009846920806423274, "config/square": 0.04234349326172977, "config/eps": 0.0005229169114381833, "config/weight_decay": 5.233287105889121e-08, "config/arch": "resnet101", "experiment_tag": "exp", "time_total_s": 509.9329516887665}, "flaml_config": {"batch_size": 138, "learning_rate": 0.006932733149718781, "graident": 0.009846920806423274, "square": 0.04234349326172977, "eps": 0.0005229169114381833, "weight_decay": 5.233287105889121e-08, "arch": "resnet101"}}