{"default_score": {"acc": 0.2860576923076923, "time2eval": 447.5819892883301, "training_iteration": 0, "config": {}, "experiment_tag": "exp", "time_total_s": 447.5820541381836}, "flaml_score": {"acc": 0.33272837265577737, "time2eval": 392.24056911468506, "training_iteration": 0, "config": {"batch_size": 87, "learning_rate": 0.005157716008694565, "graident": 0.055425997132892195, "square": 0.00157949664225436, "eps": 0.00010090117786872633, "weight_decay": 1.4022702107860382e-09, "arch": "resnet101"}, "config/batch_size": 87, "config/learning_rate": 0.005157716008694565, "config/graident": 0.055425997132892195, "config/square": 0.00157949664225436, "config/eps": 0.00010090117786872633, "config/weight_decay": 1.4022702107860382e-09, "config/arch": "resnet101", "experiment_tag": "exp", "time_total_s": 392.2406516075134}, "flaml_config": {"batch_size": 87, "learning_rate": 0.005157716008694565, "graident": 0.055425997132892195, "square": 0.00157949664225436, "eps": 0.00010090117786872633, "weight_decay": 1.4022702107860382e-09, "arch": "resnet101"}}