{"default_score": {"acc": 0.39526666666666666, "time2eval": 113.0678231716156, "training_iteration": 0, "config": {}, "experiment_tag": "exp", "time_total_s": 113.06790709495544}, "flaml_score": {"acc": 0.4506, "time2eval": 101.51205396652222, "training_iteration": 0, "config": {"batch_size": 80, "learning_rate": 0.0036425455522702613, "graident": 0.03814397673002405, "square": 0.004015824500491708, "eps": 0.00014554150586953453, "weight_decay": 1.0567425158586734e-07, "arch": "resnet101"}, "config/batch_size": 80, "config/learning_rate": 0.0036425455522702613, "config/graident": 0.03814397673002405, "config/square": 0.004015824500491708, "config/eps": 0.00014554150586953453, "config/weight_decay": 1.0567425158586734e-07, "config/arch": "resnet101", "experiment_tag": "exp", "time_total_s": 101.51212787628174}, "flaml_config": {"batch_size": 80, "learning_rate": 0.0036425455522702613, "graident": 0.03814397673002405, "square": 0.004015824500491708, "eps": 0.00014554150586953453, "weight_decay": 1.0567425158586734e-07, "arch": "resnet101"}}