{"default_score": {"acc": 0.39566666666666667, "time2eval": 112.30208992958069, "training_iteration": 0, "config": {}, "experiment_tag": "exp", "time_total_s": 112.30747985839844}, "flaml_score": {"acc": 0.4567333333333333, "time2eval": 255.0812952518463, "training_iteration": 0, "config": {"batch_size": 68, "learning_rate": 0.0014137753162022436, "graident": 0.06693513454307186, "square": 0.011163849750021621, "eps": 0.0001375079361682407, "weight_decay": 5.52170725382831e-09, "arch": "resnet101"}, "config/batch_size": 68, "config/learning_rate": 0.0014137753162022436, "config/graident": 0.06693513454307186, "config/square": 0.011163849750021621, "config/eps": 0.0001375079361682407, "config/weight_decay": 5.52170725382831e-09, "config/arch": "resnet101", "experiment_tag": "exp", "time_total_s": 255.08138751983643}, "flaml_config": {"batch_size": 68, "learning_rate": 0.0014137753162022436, "graident": 0.06693513454307186, "square": 0.011163849750021621, "eps": 0.0001375079361682407, "weight_decay": 5.52170725382831e-09, "arch": "resnet101"}}
