{"default_score": {"acc": 0.7436594202898551, "time2eval": 83.88164329528809, "training_iteration": 0, "config": {}, "experiment_tag": "exp", "time_total_s": 83.88170623779297}, "flaml_score": {"acc": 0.884963768115942, "time2eval": 2164.374887228012, "training_iteration": 0, "config": {"batch_size": 171, "learning_rate": 7.480001052245468e-05, "graident": 0.07080766478427633, "square": 0.0071006664739104415, "eps": 0.0001738270232788559, "weight_decay": 3.426254235253333e-07, "arch": "resnet101"}, "config/batch_size": 171, "config/learning_rate": 7.480001052245468e-05, "config/graident": 0.07080766478427633, "config/square": 0.0071006664739104415, "config/eps": 0.0001738270232788559, "config/weight_decay": 3.426254235253333e-07, "config/arch": "resnet101", "experiment_tag": "exp", "time_total_s": 2164.374951839447}, "flaml_config": {"batch_size": 171, "learning_rate": 7.480001052245468e-05, "graident": 0.07080766478427633, "square": 0.0071006664739104415, "eps": 0.0001738270232788559, "weight_decay": 3.426254235253333e-07, "arch": "resnet101"}}