{"default_score": {"acc": 0.7886525183423827, "time2eval": 563.7175118923187, "training_iteration": 0, "config": {}, "experiment_tag": "exp", "time_total_s": 563.7222361564636}, "flaml_score": {"acc": 0.8099894459773915, "time2eval": 363.771595954895, "training_iteration": 0, "config": {"batch_size": 181, "learning_rate": 0.0028747690336596333, "graident": 0.10664510269971994, "square": 0.004835522795084955, "eps": 1.8980771375367653e-06, "weight_decay": 2.547580912646167e-06, "arch": "resnet18"}, "config/batch_size": 181, "config/learning_rate": 0.0028747690336596333, "config/graident": 0.10664510269971994, "config/square": 0.004835522795084955, "config/eps": 1.8980771375367653e-06, "config/weight_decay": 2.547580912646167e-06, "config/arch": "resnet18", "experiment_tag": "exp", "time_total_s": 363.7717525959015}, "flaml_config": {"batch_size": 181, "learning_rate": 0.0028747690336596333, "graident": 0.10664510269971994, "square": 0.004835522795084955, "eps": 1.8980771375367653e-06, "weight_decay": 2.547580912646167e-06, "arch": "resnet18"}}