{"default_score": {"acc": 0.1, "time2eval": 44.25522232055664, "training_iteration": 0, "config": {}, "experiment_tag": "exp", "time_total_s": 44.255287885665894}, "flaml_score": {"acc": 0.5121666666666667, "time2eval": 85.3859715461731, "training_iteration": 0, "config": {"batch_size": 383, "learning_rate": 0.0891562144499552, "graident": 0.0993963685687894, "square": 0.2248650931205904, "eps": 9.391191169549958e-06, "weight_decay": 2.5655173033861654e-05, "arch": "mobilenet"}, "config/batch_size": 383, "config/learning_rate": 0.0891562144499552, "config/graident": 0.0993963685687894, "config/square": 0.2248650931205904, "config/eps": 9.391191169549958e-06, "config/weight_decay": 2.5655173033861654e-05, "config/arch": "mobilenet", "experiment_tag": "exp", "time_total_s": 85.38605046272278}, "flaml_config": {"batch_size": 383, "learning_rate": 0.0891562144499552, "graident": 0.0993963685687894, "square": 0.2248650931205904, "eps": 9.391191169549958e-06, "weight_decay": 2.5655173033861654e-05, "arch": "mobilenet"}}