{"default_score": {"acc": 0.8513333333333334, "time2eval": 44.99188303947449, "training_iteration": 0, "config": {}, "experiment_tag": "exp", "time_total_s": 44.991952657699585}, "flaml_score": {"acc": 0.958, "time2eval": 140.6915602684021, "training_iteration": 0, "config": {"batch_size": 117, "learning_rate": 0.002528132701952467, "graident": 0.03333922451527981, "square": 0.022451726063537868, "eps": 1.813844274410478e-05, "weight_decay": 1e-09, "arch": "resnet101"}, "config/batch_size": 117, "config/learning_rate": 0.002528132701952467, "config/graident": 0.03333922451527981, "config/square": 0.022451726063537868, "config/eps": 1.813844274410478e-05, "config/weight_decay": 1e-09, "config/arch": "resnet101", "experiment_tag": "exp", "time_total_s": 140.6916537284851}, "flaml_config": {"batch_size": 117, "learning_rate": 0.002528132701952467, "graident": 0.03333922451527981, "square": 0.022451726063537868, "eps": 1.813844274410478e-05, "weight_decay": 1e-09, "arch": "resnet101"}}