{"batch_size": 388, "learning_rate": 0.022696342399943333, "graident": 0.022412984025848588, "square": 0.0011095294775998073, "eps": 2.0103720343762945e-05, "weight_decay": 0.00010902099907026284}