{"batch_size": 468, "learning_rate": 0.002865293016638321, "graident": 0.06698293827238254, "square": 0.002563331082191341, "eps": 7.2845547468817525e-06, "weight_decay": 3.8463370924710914e-07}