{"batch_size": 488, "learning_rate": 0.007363326339664745, "graident": 0.1453580501783163, "square": 0.003798148124344974, "eps": 3.0535655444451457e-06, "weight_decay": 4.4468564429211135e-06}