{"batch_size": 142, "learning_rate": 0.01073380042902181, "graident": 0.06787311973247347, "square": 0.005359211071051405, "eps": 0.00017811387912625197, "weight_decay": 8.291985151049696e-08}