{"batch_size": 128, "learning_rate": 0.0036388262327167738, "graident": 0.27404860235192435, "square": 0.06879416401550238, "eps": 0.0001463072853503606, "weight_decay": 1.1044154594308643e-07}