{"batch_size": 355, "learning_rate": 0.0066846685645630425, "graident": 0.5039997941055893, "square": 0.012646251233135229, "eps": 6.2032387340977724e-06, "weight_decay": 2.7234637121813124e-06}