{"batch_size": 128, "learning_rate": 0.0005338565968233723, "graident": 0.642008476293753, "square": 0.05698490358141949, "eps": 9.94065972105695e-05, "weight_decay": 1.7533516012800654e-08}