{"batch_size": 639, "learning_rate": 0.006782178639670292, "graident": 0.4165475491310283, "square": 0.0724868893944881, "eps": 2.494441445773645e-06, "weight_decay": 5.238263846405643e-09}