{"batch_size": 148, "learning_rate": 0.015187035789813423, "graident": 0.02493349127391473, "square": 0.00541961375430142, "eps": 0.0003069715668529563, "weight_decay": 4.819085894312707e-09}