{"batch_size": 467, "learning_rate": 0.004057287303826026, "graident": 0.5319945440349539, "square": 0.009071819530336787, "eps": 1.8680050579021815e-06, "weight_decay": 1.2732110421257267e-07}