{"batch_size": 541, "learning_rate": 0.005549183762502643, "graident": 0.8313352459890785, "square": 0.0049138672318993545, "eps": 2.107573801123598e-06, "weight_decay": 2.136619638984708e-08}