{"batch_size": 191, "learning_rate": 0.00881031433641245, "graident": 0.019447723842015267, "square": 0.006179360237831469, "eps": 0.00015810804175548238, "weight_decay": 3.22357350894736e-07}