{"batch_size": 132, "learning_rate": 0.014433610900277673, "graident": 0.29652926957029846, "square": 0.27500396378452974, "eps": 1.9499462830432638e-05, "weight_decay": 1.6955475911927869e-06}