{"batch_size": 589, "learning_rate": 0.19240090213131048, "graident": 0.018996155339759166, "square": 0.0015163526784720536, "eps": 5.276180615278135e-06, "weight_decay": 3.186602609308178e-05}