{"caltech101--1": 0.7460876369327074, "caltech101-0.1": 0.6384976525821596, "caltech101-0.3": 0.7211267605633803, "caltech101-0.5": 0.7597809076682316, "caltech101-0.7": 0.7380281690140845, "cifar10-0.1": 0.5888665325285044, "cifar10-0.3": 0.5826067516208361, "cifar10-0.5": 0.5821596244131455, "cifar10-0.7": 0.5850340136054422, "cifar10--1": 0.5786663106601696, "EMNIST-0.1": 0.31072147168726644, "EMNIST-0.3": 0.3114046268561596, "EMNIST-0.5": 0.3113402258872093, "EMNIST-0.7": 0.31082814717763946, "EMNIST--1": 0.3104083981679156, "FGVCAircraft-0.1": 0.2112676056338028, "FGVCAircraft-0.3": 0.19014084507042253, "FGVCAircraft-0.5": 0.2152917505030181, "FGVCAircraft-0.7": 0.2535211267605634, "FGVCAircraft--1": 0.23138832997987926, "GTSRB-0.1": 0.3738796414852753, "GTSRB-0.3": 0.40375586854460094, "GTSRB-0.5": 0.4071931589537223, "GTSRB-0.7": 0.3992416034669556, "GTSRB--1": 0.4158702213279678, "StanfordCars-0.1": 0.0892018779342723, "StanfordCars-0.3": 0.11267605633802817, "StanfordCars-0.5": 0.13421706710853357, "StanfordCars-0.7": 0.1619718309859155, "StanfordCars--1": 0.18392709196354598, "Food101-0.1": 0.24295774647887325, "Food101-0.3": 0.26848591549295775, "Food101-0.5": 0.26091549295774646, "Food101-0.7": 0.2722585513078471, "Food101--1": 0.270862676056338, "DTD-0.1": 0.25}