{
    "caltech101-0.7": 0.7574370709382151,
    "caltech101-0.1": 0.5543478260869565,
    "caltech101-0.3": 0.7377717391304348,
    "caltech101-0.5": 0.7694099378881988,
    "caltech101--1": 0.7426242236024845,
    "cifar10-0.1": 0.5957880434782609,
    "cifar10-0.3": 0.6005434782608695,
    "cifar10-0.5": 0.5994363929146538,
    "cifar10-0.7": 0.5886727688787186,
    "cifar10--1": 0.6148306214990664,
    "EMNIST-0.1": 0.45197280214518293,
    "EMNIST-0.3": 0.44858472523269155,
    "EMNIST-0.5": 0.44830025620435165,
    "EMNIST-0.7": 0.44894101913261825,
    "EMNIST--1": 0.44874343048256093,
    "FGVCAircraft-0.1": 0.06521739130434782,
    "FGVCAircraft-0.3": 0.18840579710144928,
    "FGVCAircraft-0.5": 0.20869565217391303,
    "FGVCAircraft-0.7": 0.2639751552795031,
    "FGVCAircraft--1": 0.2858695652173913,
    "GTSRB-0.1": 0.46875,
    "GTSRB-0.3": 0.46028428093645485,
    "GTSRB-0.5": 0.46865520728008087,
    "GTSRB-0.7": 0.5014492753623189,
    "GTSRB--1": 0.48040950455005055,
    "StanfordCars-0.1": 0.016304347826086956,
    "StanfordCars-0.3": 0.059006211180124224,
    "StanfordCars-0.5": 0.08277591973244147,
    "StanfordCars-0.7": 0.1316425120772947,
    "StanfordCars--1": 0.13921404682274247,
    "Food101-0.1": 0.26222826086956524,
    "Food101-0.3": 0.2633666274970623,
    "Food101-0.5": 0.27465535524920465,
    "Food101-0.7": 0.2213725985844287,
    "Food101--1": 0.25875726104559055
}