{
    "caltech101-0.5": 0.7706422018348624,
    "caltech101-0.1": 0.5229357798165137,
    "caltech101-0.3": 0.745740498034076,
    "caltech101-0.7": 0.7442660550458715,
    "caltech101--1": 0.7459114479457519,
    "cifar10-0.1": 0.5695130557515878,
    "cifar10-0.3": 0.5864846721861714,
    "cifar10-0.5": 0.5895844576362655,
    "cifar10-0.7": 0.57157874617737,
    "cifar10--1": 0.584678229424764,
    "EMNIST-0.1": 0.44481077981651373,
    "EMNIST-0.3": 0.44536824668705405,
    "EMNIST-0.5": 0.44399847094801226,
    "EMNIST-0.7": 0.44178680646570556,
    "EMNIST--1": 0.44520737767584095,
    "GTSRB-0.1": 0.46526867627785057,
    "GTSRB-0.3": 0.45303626037570993,
    "GTSRB-0.5": 0.45769622833843016,
    "GTSRB-0.7": 0.47526533549199496,
    "GTSRB--1": 0.4673872062335051,
    "StanfordCars-0.1": 0.009174311926605505,
    "StanfordCars-0.3": 0.05504587155963303,
    "StanfordCars-0.5": 0.0725604670558799,
    "StanfordCars-0.7": 0.1217125382262997,
    "StanfordCars--1": 0.1255212677231026,
    "Food101-0.1": 0.27477064220183484,
    "Food101-0.3": 0.25466114234980763,
    "Food101-0.5": 0.2791990119971771,
    "Food101-0.7": 0.2782663714014552,
    "Food101--1": 0.2862561750176429
}