{
    "caltech101-0.1": 0.7115384615384616,
    "DTD-0.1": 0.21428571428571427,
    "DTD-0.3": 0.47337278106508873,
    "DTD-0.5": 0.4574468085106383,
    "DTD-0.7": 0.5152284263959391,
    "DTD--1": 0.5212765957446809,
    "caltech101-0.3": 0.7115384615384616,
    "caltech101-0.5": 0.7348193697156034,
    "caltech101-0.7": 0.7237781438769907,
    "caltech101--1": 0.7160968113714944,
    "cifar10-0.1": 0.6326666666666667,
    "cifar10-0.3": 0.6391111111111111,
    "cifar10-0.5": 0.6273333333333333,
    "cifar10-0.7": 0.6336190476190476,
    "cifar10--1": 0.6364,
    "EMNIST-0.1": 0.45474518794478674,
    "EMNIST-0.3": 0.43658159935045293,
    "EMNIST-0.5": 0.4375435814651014,
    "EMNIST-0.7": 0.4368437212158428,
    "EMNIST--1": 0.4406029257948505,
    "FGVCAircraft-0.1": 0.23232323232323232,
    "FGVCAircraft-0.3": 0.2833333333333333,
    "FGVCAircraft-0.5": 0.29,
    "FGVCAircraft-0.7": 0.2932761087267525,
    "FGVCAircraft--1": 0.306,
    "GTSRB-0.1": 0.327909887359199,
    "GTSRB-0.3": 0.361284939507718,
    "GTSRB-0.5": 0.37712712712712715,
    "GTSRB-0.7": 0.37111190561315693,
    "GTSRB--1": 0.366991991991992,
    "Food101-0.1": 0.3961267605633803,
    "Food101-0.3": 0.4342085961566672,
    "Food101-0.5": 0.4397993311036789,
    "Food101-0.7": 0.4446470107499843,
    "Food101--1": 0.4457205720572057
}