{
    "caltech101-0.3": 0.7538461538461538,
    "cifar10-0.1": 0.6407103825136612,
    "cifar10-0.3": 0.5512295081967213,
    "cifar10-0.5": 0.5497267759562842,
    "cifar10-0.7": 0.5485948477751756,
    "cifar10--1": 0.5375,
    "EMNIST-0.1": 0.40235835490365257,
    "EMNIST-0.3": 0.40886140670437476,
    "EMNIST-0.5": 0.40967365967365965,
    "EMNIST-0.7": 0.40381830601092894,
    "EMNIST--1": 0.4157352210630899,
    "GTSRB-0.1": 0.4412568306010929,
    "GTSRB-0.3": 0.4813296903460838,
    "GTSRB-0.5": 0.4226775956284153,
    "GTSRB-0.7": 0.40091074681238614,
    "GTSRB--1": 0.3957845433255269,
    "Food101-0.1": 0.2709471766848816,
    "Food101-0.3": 0.298421372191864,
    "Food101-0.5": 0.30327868852459017,
    "Food101-0.7": 0.3112847884102173,
    "Food101--1": 0.31879076326458666
}