{"cifar10-0.3": 0.6704444444444444, "DTD-0.1": 0.26785714285714285, "DTD-0.3": 0.4556213017751479, "DTD-0.5": 0.44680851063829785, "DTD-0.7": 0.48984771573604063, "DTD--1": 0.5212765957446809, "caltech101-0.1": 0.6115384615384616, "caltech101-0.3": 0.6205128205128205, "caltech101-0.5": 0.6325903151421983, "caltech101-0.7": 0.6534870950027457, "caltech101--1": 0.6676911256242797, "cifar10-0.1": 0.6533333333333333, "cifar10-0.5": 0.6534666666666666, "cifar10-0.7": 0.6503809523809524, "cifar10--1": 0.6503333333333333, "EMNIST-0.1": 0.341500692553852, "EMNIST-0.3": 0.34219031092289814, "EMNIST-0.5": 0.3424237503462637, "EMNIST-0.7": 0.343642752362433, "EMNIST--1": 0.3416149661618405, "FGVCAircraft-0.1": 0.16161616161616163, "FGVCAircraft-0.3": 0.21333333333333335, "FGVCAircraft-0.5": 0.242, "FGVCAircraft-0.7": 0.27753934191702434, "FGVCAircraft--1": 0.276, "GTSRB-0.1": 0.34668335419274093, "GTSRB-0.3": 0.40175219023779724, "GTSRB-0.5": 0.4034034034034034, "GTSRB-0.7": 0.410439756882374, "GTSRB--1": 0.39627127127127126, "Food101-0.1": 0.375, "Food101-0.3": 0.4094176323896142, "Food101-0.5": 0.4089068825910931, "Food101-0.7": 0.4254730621738857, "Food101--1": 0.42543454345434545}