{"cifar10-0.7": 0.6688571428571428, "DTD-0.1": 0.0, "DTD-0.3": 0.09467455621301775, "DTD-0.5": 0.11702127659574468, "DTD-0.7": 0.14974619289340102, "DTD--1": 0.1879432624113475, "caltech101-0.1": 0.29615384615384616, "caltech101-0.3": 0.5551282051282052, "caltech101-0.5": 0.749423520368947, "caltech101-0.7": 0.7435475013728721, "caltech101--1": 0.8044563964656166, "cifar10-0.1": 0.5466666666666666, "cifar10-0.3": 0.6577777777777778, "cifar10-0.5": 0.6665333333333333, "cifar10--1": 0.6703333333333333, "EMNIST-0.1": 0.45101972584419925, "EMNIST-0.3": 0.46711667966822157, "EMNIST-0.5": 0.4605163866308781, "EMNIST-0.7": 0.4517654283082591, "EMNIST--1": 0.468518810386906, "FGVCAircraft-0.1": 0.010101010101010102, "FGVCAircraft-0.3": 0.08, "FGVCAircraft-0.5": 0.084, "FGVCAircraft-0.7": 0.08297567954220315, "FGVCAircraft--1": 0.137, "GTSRB-0.1": 0.21151439299123906, "GTSRB-0.3": 0.4416058394160584, "GTSRB-0.5": 0.5258081334723671, "GTSRB-0.7": 0.5322992700729927, "GTSRB--1": 0.541404480241631, "Food101-0.1": 0.17518248175182483, "Food101-0.3": 0.3010948905109489, "Food101-0.5": 0.3419975075663165, "Food101-0.7": 0.30417820286936825, "Food101--1": 0.3294018159159694, "StanfordCars-0.1": 0.0, "StanfordCars-0.3": 0.0273224043715847, "StanfordCars-0.5": 0.04586404586404586, "StanfordCars-0.7": 0.06900584795321638, "StanfordCars--1": 0.08718788374948834}