{"cifar10-0.1": 0.678, "DTD-0.1": 0.23214285714285715, "DTD-0.3": 0.38461538461538464, "DTD-0.5": 0.450354609929078, "DTD-0.7": 0.5, "DTD--1": 0.5106382978723404, "caltech101-0.1": 0.5692307692307692, "caltech101-0.3": 0.6166666666666667, "caltech101-0.5": 0.6464258262874711, "caltech101-0.7": 0.628775398132894, "caltech101--1": 0.6327314636957357, "cifar10-0.3": 0.6597777777777778, "cifar10-0.5": 0.6608, "cifar10-0.7": 0.6617142857142857, "cifar10--1": 0.6623333333333333, "EMNIST-0.1": 0.35907723169508526, "EMNIST-0.3": 0.3517106331491889, "EMNIST-0.5": 0.35896799090639897, "EMNIST-0.7": 0.34768873878483947, "EMNIST--1": 0.3491324344848337, "FGVCAircraft-0.1": 0.18181818181818182, "FGVCAircraft-0.3": 0.23666666666666666, "FGVCAircraft-0.5": 0.236, "FGVCAircraft-0.7": 0.2918454935622318, "FGVCAircraft--1": 0.301, "GTSRB-0.1": 0.4067584480600751, "GTSRB-0.3": 0.4384647476011681, "GTSRB-0.5": 0.46571571571571574, "GTSRB-0.7": 0.4660350375402217, "GTSRB--1": 0.43956456456456455, "Food101-0.1": 0.37367957746478875, "Food101-0.3": 0.40765732727006015, "Food101-0.5": 0.4060904770286921, "Food101-0.7": 0.4083108065631483, "Food101--1": 0.4073927392739274, "StanfordCars-0.1": 0.13020833333333334, "StanfordCars-0.3": 0.19618055555555555, "StanfordCars-0.5": 0.2595486111111111, "StanfordCars-0.7": 0.3157552083333333, "StanfordCars--1": 0.3394097222222222}