{
    "cifar10--1": 0.6537333333333334,
    "DTD-0.1": 0.05357142857142857,
    "DTD-0.3": 0.03550295857988166,
    "DTD-0.5": 0.05319148936170213
}