{"cifar10--1": 0.6537333333333334, "DTD-0.1": 0.05357142857142857, "DTD-0.3": 0.03550295857988166, "DTD-0.5": 0.05319148936170213, "DTD-0.7": 0.05583756345177665, "DTD--1": 0.08156028368794327, "caltech101-0.1": 0.03461538461538462, "caltech101-0.3": 0.2782051282051282, "caltech101-0.5": 0.44427363566487316, "caltech101-0.7": 0.515650741350906, "caltech101--1": 0.6258163657318478, "cifar10-0.1": 0.48533333333333334, "cifar10-0.3": 0.6486666666666666, "cifar10-0.5": 0.6444, "cifar10-0.7": 0.37685714285714284, "EMNIST-0.1": 0.526006591202178, "EMNIST-0.3": 0.5237450846162418, "EMNIST-0.5": 0.43935848083370743, "EMNIST-0.7": 0.47097874663118755, "EMNIST--1": 0.5004226784921124, "FGVCAircraft-0.1": 0.050505050505050504, "FGVCAircraft-0.3": 0.05, "FGVCAircraft-0.5": 0.098, "FGVCAircraft-0.7": 0.10586552217453506, "FGVCAircraft--1": 0.105, "GTSRB-0.1": 0.1414267834793492, "GTSRB-0.3": 0.3308302044221944, "GTSRB-0.5": 0.4094094094094094, "GTSRB-0.7": 0.42438326778691454, "GTSRB--1": 0.387012012012012, "Food101-0.1": 0.13160211267605634, "Food101-0.3": 0.32404283409124246, "Food101-0.5": 0.4062665023763422, "Food101-0.7": 0.38486201043565726, "Food101--1": 0.3991639163916392}