{"cifar10-0.5": 0.6701333333333334, "DTD-0.1": 0.26785714285714285, "DTD-0.3": 0.4378698224852071, "DTD-0.5": 0.4326241134751773, "DTD-0.7": 0.4746192893401015, "DTD--1": 0.5195035460992907, "caltech101-0.1": 0.5653846153846154, "caltech101-0.3": 0.6230769230769231, "caltech101-0.5": 0.6156802459646425, "caltech101-0.7": 0.6359143327841845, "caltech101--1": 0.6377257011140991, "cifar10-0.1": 0.658, "cifar10-0.3": 0.6564444444444445, "cifar10-0.7": 0.6570476190476191, "cifar10--1": 0.6612, "EMNIST-0.1": 0.3576443616563978, "EMNIST-0.3": 0.3563752726346457, "EMNIST-0.5": 0.3603243893818835, "EMNIST-0.7": 0.35631972162521747, "EMNIST--1": 0.35284818439289517, "FGVCAircraft-0.1": 0.18181818181818182, "FGVCAircraft-0.3": 0.22666666666666666, "FGVCAircraft-0.5": 0.274, "FGVCAircraft-0.7": 0.2718168812589413, "FGVCAircraft--1": 0.306, "GTSRB-0.1": 0.39424280350438046, "GTSRB-0.3": 0.44430538172715894, "GTSRB-0.5": 0.45145145145145144, "GTSRB-0.7": 0.4410082230961745, "GTSRB--1": 0.4720970970970971, "Food101-0.1": 0.3882042253521127, "Food101-0.3": 0.41983277101364236, "Food101-0.5": 0.4280056328111248, "Food101-0.7": 0.4259131200100585, "Food101--1": 0.42649064906490647}