{"DTD-0.5": 0.5244444444444445, "caltech101-0.1": 0.5511111111111111, "caltech101-0.3": 0.6826666666666666, "caltech101-0.5": 0.7090196078431372, "caltech101-0.7": 0.6933333333333334, "caltech101--1": 0.7023529411764706, "cifar10-0.1": 0.6226666666666667, "cifar10-0.3": 0.6431111111111111, "cifar10-0.5": 0.6222666666666666, "cifar10-0.7": 0.624, "cifar10--1": 0.6237333333333334, "EMNIST-0.1": 0.4931899641577061, "EMNIST-0.3": 0.4940342493030665, "EMNIST-0.5": 0.4944516129032258, "EMNIST-0.7": 0.48777209143636985, "EMNIST--1": 0.49016123253314225, "FGVCAircraft-0.1": 0.13333333333333333, "FGVCAircraft-0.3": 0.2833333333333333, "FGVCAircraft-0.5": 0.29333333333333333, "FGVCAircraft-0.7": 0.29777777777777775, "FGVCAircraft--1": 0.34974358974358977, "GTSRB-0.1": 0.424, "GTSRB-0.3": 0.4572043010752688, "GTSRB-0.5": 0.45584905660377356, "GTSRB-0.7": 0.45765765765765765, "GTSRB--1": 0.44767295597484275, "StanfordCars-0.1": 0.04888888888888889, "StanfordCars-0.3": 0.0962962962962963, "StanfordCars-0.5": 0.11666666666666667, "StanfordCars-0.7": 0.1921212121212121, "StanfordCars--1": 0.19916666666666666, "Food101-0.1": 0.3831111111111111, "Food101-0.3": 0.38162962962962965, "Food101-0.5": 0.4037086092715232, "Food101-0.7": 0.39672955974842766, "Food101--1": 0.38187018701870185}