{"DTD-0.1": 0.4107142857142857, "DTD-0.3": 0.4375, "DTD-0.5": 0.46875, "DTD-0.7": 0.4732142857142857, "DTD--1": 0.5142857142857142, "caltech101-0.1": 0.5714285714285714, "caltech101-0.3": 0.6473214285714286, "caltech101-0.5": 0.6647727272727273, "caltech101-0.7": 0.6489955357142857, "caltech101--1": 0.6587732919254659, "cifar10-0.1": 0.6236263736263736, "cifar10-0.3": 0.6455357142857143, "cifar10-0.5": 0.6213474025974026, "cifar10-0.7": 0.6120391705069125, "cifar10--1": 0.6173469387755102, "EMNIST-0.1": 0.4377400153609831, "EMNIST-0.3": 0.4201690051020408, "EMNIST-0.5": 0.42991931783420007, "EMNIST-0.7": 0.4198339886413281, "EMNIST--1": 0.4172112665290835, "GTSRB-0.1": 0.39285714285714285, "GTSRB-0.3": 0.4336734693877551, "GTSRB-0.5": 0.4451530612244898, "GTSRB-0.7": 0.4506195335276968, "GTSRB--1": 0.4362424547283702, "StanfordCars-0.1": 0.13392857142857142, "StanfordCars-0.3": 0.20535714285714285, "StanfordCars-0.5": 0.26875, "StanfordCars-0.7": 0.2976190476190476, "StanfordCars--1": 0.31802721088435376, "Food101-0.1": 0.39955357142857145, "Food101-0.3": 0.42023809523809524, "Food101-0.5": 0.4270685997171146, "Food101-0.7": 0.42410714285714285, "Food101--1": 0.4304278642149929, "FGVCAircraft-0.1": 0.1919191919191919, "FGVCAircraft-0.3": 0.2633333333333333, "FGVCAircraft-0.5": 0.29, "FGVCAircraft-0.7": 0.2832618025751073, "FGVCAircraft--1": 0.305}