{"DTD-0.7": 0.5352941176470588, "caltech101-0.1": 0.5588235294117647, "caltech101-0.3": 0.6564171122994652, "caltech101-0.5": 0.6710526315789473, "caltech101-0.7": 0.666289592760181, "caltech101--1": 0.6826625386996904, "cifar10-0.1": 0.6042780748663101, "cifar10-0.3": 0.6330213903743316, "cifar10-0.5": 0.6141711229946524, "cifar10-0.7": 0.6175515660809778, "cifar10--1": 0.6156417112299465, "EMNIST-0.1": 0.4405058440314236, "EMNIST-0.3": 0.44283347141673574, "EMNIST-0.5": 0.4396475939303597, "EMNIST-0.7": 0.4403644056230381, "EMNIST--1": 0.4373364155665514, "FGVCAircraft-0.1": 0.16176470588235295, "FGVCAircraft-0.3": 0.24632352941176472, "FGVCAircraft-0.5": 0.28781512605042014, "FGVCAircraft-0.7": 0.3044117647058823, "FGVCAircraft--1": 0.3172268907563025, "GTSRB-0.1": 0.4318181818181818, "GTSRB-0.3": 0.47941176470588237, "GTSRB-0.5": 0.46906693711967545, "GTSRB-0.7": 0.47560975609756095, "GTSRB--1": 0.48755656108597284, "StanfordCars-0.1": 0.1323529411764706, "StanfordCars-0.3": 0.2323529411764706, "StanfordCars-0.5": 0.2422145328719723, "StanfordCars-0.7": 0.31411764705882356, "StanfordCars--1": 0.3142857142857143, "Food101-0.1": 0.41131907308377896, "Food101-0.3": 0.415, "Food101-0.5": 0.4378302219091229, "Food101-0.7": 0.4257763191113355, "Food101--1": 0.4323265234237407}