{
    "DTD-0.3": 0.5088757396449705,
    "caltech101-0.1": 0.5450819672131147,
    "caltech101-0.3": 0.6215846994535519,
    "caltech101-0.5": 0.6532786885245901,
    "caltech101-0.7": 0.6434426229508197,
    "caltech101--1": 0.6471506635441062,
    "cifar10-0.1": 0.619535519125683,
    "cifar10-0.3": 0.6495901639344263,
    "cifar10-0.5": 0.6413598495028219,
    "cifar10-0.7": 0.6264773160503241,
    "cifar10--1": 0.6361865090029561,
    "EMNIST-0.1": 0.3840954846131723,
    "EMNIST-0.3": 0.3848950692096702,
    "EMNIST-0.5": 0.38596239825748024,
    "EMNIST-0.7": 0.3830346296119354,
    "EMNIST--1": 0.3852172417746188,
    "GTSRB-0.1": 0.4030054644808743,
    "GTSRB-0.3": 0.4542709232096635,
    "GTSRB-0.5": 0.45389344262295084,
    "GTSRB-0.7": 0.44408014571949,
    "GTSRB--1": 0.4426229508196721,
    "StanfordCars-0.1": 0.13524590163934427,
    "StanfordCars-0.3": 0.21721311475409835,
    "StanfordCars-0.5": 0.26229508196721313,
    "StanfordCars-0.7": 0.30679156908665106,
    "StanfordCars--1": 0.335655737704918,
    "Food101-0.1": 0.3770491803278688,
    "Food101-0.3": 0.41788375558867363,
    "Food101-0.5": 0.4220870791468359,
    "Food101-0.7": 0.42358133669609077,
    "Food101--1": 0.43306010928961747
}