{"DTD-0.5": 0.5244444444444445, "caltech101-0.1": 0.5511111111111111, "caltech101-0.3": 0.6826666666666666, "caltech101-0.5": 0.7090196078431372, "caltech101-0.7": 0.6933333333333334, "caltech101--1": 0.7023529411764706, "cifar10-0.1": 0.6226666666666667, "cifar10-0.3": 0.6431111111111111, "cifar10-0.5": 0.6222666666666666, "cifar10-0.7": 0.624, "cifar10--1": 0.6237333333333334, "EMNIST-0.1": 0.4931899641577061, "EMNIST-0.3": 0.4940342493030665, "EMNIST-0.5": 0.4944516129032258, "EMNIST-0.7": 0.48777209143636985}