{"DTD--1": 0.5573440643863179, "caltech101-0.1": 0.5821596244131455, "caltech101-0.3": 0.6845070422535211, "caltech101-0.5": 0.6721439749608764, "caltech101-0.7": 0.663661971830986, "caltech101--1": 0.6752738654147105, "cifar10-0.1": 0.608316566063045, "cifar10-0.3": 0.636485580147552, "cifar10-0.5": 0.620523138832998, "cifar10-0.7": 0.6104244514707291, "cifar10--1": 0.6071023296175155, "EMNIST-0.1": 0.4517102615694165, "EMNIST-0.3": 0.4431202600216685, "EMNIST-0.5": 0.44289754811091786, "EMNIST-0.7": 0.44300687848018344, "EMNIST--1": 0.44716041245779187, "FGVCAircraft-0.1": 0.14084507042253522, "FGVCAircraft-0.3": 0.2640845070422535, "FGVCAircraft-0.5": 0.28772635814889336, "FGVCAircraft-0.7": 0.30359937402190923, "FGVCAircraft--1": 0.3209255533199195, "GTSRB-0.1": 0.3994878361075544, "GTSRB-0.3": 0.4647887323943662, "GTSRB-0.5": 0.4642857142857143, "GTSRB-0.7": 0.46316359696641385, "GTSRB--1": 0.48038229376257546, "StanfordCars-0.1": 0.14084507042253522, "StanfordCars-0.3": 0.22535211267605634, "StanfordCars-0.5": 0.26843413421706713, "StanfordCars-0.7": 0.32981220657276994, "StanfordCars--1": 0.3272576636288318, "Food101-0.1": 0.414612676056338, "Food101-0.3": 0.42282863849765256, "Food101-0.5": 0.43697183098591547, "Food101-0.7": 0.4312751509054326, "Food101--1": 0.43785211267605634}