{"EMNIST-0.5": 0.5542320587645312, "caltech101-0.1": 0.07920792079207921, "caltech101-0.3": 0.37293729372937295, "caltech101-0.5": 0.5041254125412541, "caltech101-0.7": 0.5885588558855885, "caltech101--1": 0.6555280528052805, "cifar10-0.1": 0.5502121640735502, "cifar10-0.3": 0.6167866786678667, "cifar10-0.5": 0.6121220230131121, "cifar10-0.7": 0.6140555231993787, "cifar10--1": 0.6131255017393631, "EMNIST-0.1": 0.5302316639430933, "EMNIST-0.3": 0.5342063238581922, "EMNIST-0.7": 0.5486445885967907, "EMNIST--1": 0.5378837111510378, "GTSRB-0.1": 0.2079207920792079, "GTSRB-0.3": 0.39693969396939693, "GTSRB-0.5": 0.45492443981240227, "GTSRB-0.7": 0.4404107077374404, "GTSRB--1": 0.46103071845646104, "StanfordCars-0.1": 0.009900990099009901, "StanfordCars-0.3": 0.02145214521452145, "StanfordCars-0.5": 0.022277227722772276, "StanfordCars-0.7": 0.04146039603960396, "StanfordCars--1": 0.05528052805280528, "Food101-0.1": 0.18406840684068407, "Food101-0.3": 0.31533153315331536, "Food101-0.5": 0.36925388967468176, "Food101-0.7": 0.3415841584158416, "Food101--1": 0.3103341584158416, "FGVCAircraft-0.1": 0.08080808080808081, "FGVCAircraft-0.3": 0.06666666666666667, "FGVCAircraft-0.5": 0.08}