{
    "EMNIST-0.3": 0.560361708563514,
    "caltech101-0.1": 0.2,
    "caltech101-0.3": 0.5303703703703704,
    "caltech101-0.5": 0.6403292181069958,
    "caltech101-0.7": 0.6381766381766382,
    "caltech101--1": 0.6152046783625731,
    "cifar10-0.1": 0.593939393939394,
    "cifar10-0.3": 0.6105499438832772,
    "cifar10-0.5": 0.5966329966329966,
    "cifar10-0.7": 0.6137566137566137,
    "cifar10--1": 0.5941274607941275,
    "EMNIST-0.1": 0.5484826762246117,
    "EMNIST-0.5": 0.5550585424133812,
    "EMNIST-0.7": 0.5327871650452296,
    "EMNIST--1": 0.5463273596176822,
    "GTSRB-0.1": 0.31555555555555553,
    "GTSRB-0.3": 0.44793028322440087,
    "GTSRB-0.5": 0.44648786717752237,
    "GTSRB-0.7": 0.4314363143631436,
    "GTSRB--1": 0.46076585059635905,
    "StanfordCars-0.1": 0.014814814814814815,
    "StanfordCars-0.3": 0.05185185185185185,
    "StanfordCars-0.5": 0.09382716049382717,
    "StanfordCars-0.7": 0.1537037037037037,
    "StanfordCars--1": 0.20164609053497942,
    "Food101-0.1": 0.31203703703703706,
    "Food101-0.3": 0.3642962962962963,
    "Food101-0.5": 0.37486772486772485,
    "Food101-0.7": 0.37695473251028805,
    "Food101--1": 0.39678130511463844
}