{"EMNIST--1": 0.5356840943934206, "caltech101-0.1": 0.6009389671361502, "caltech101-0.3": 0.7014084507042253, "caltech101-0.5": 0.7097026604068858, "caltech101-0.7": 0.7002816901408451, "caltech101--1": 0.7128325508607198, "cifar10-0.1": 0.6029510395707579, "cifar10-0.3": 0.6246367091437514, "cifar10-0.5": 0.6154258886653253, "cifar10-0.7": 0.6164606687745521, "cifar10--1": 0.6059675589079501, "EMNIST-0.1": 0.5354987065248634, "EMNIST-0.3": 0.53827034605825, "EMNIST-0.5": 0.5357750300991839, "EMNIST-0.7": 0.5319426247406922, "FGVCAircraft-0.1": 0.14084507042253522, "FGVCAircraft-0.3": 0.25, "FGVCAircraft-0.5": 0.32796780684104626, "FGVCAircraft-0.7": 0.3302034428794992, "FGVCAircraft--1": 0.3672032193158954, "GTSRB-0.1": 0.45838668373879643, "GTSRB-0.3": 0.4656423388817755, "GTSRB-0.5": 0.4788732394366197, "GTSRB-0.7": 0.4711087035030697, "GTSRB--1": 0.47585513078470826, "StanfordCars-0.1": 0.07042253521126761, "StanfordCars-0.3": 0.13661971830985917, "StanfordCars-0.5": 0.17895608947804473, "StanfordCars-0.7": 0.2153755868544601, "StanfordCars--1": 0.24067937033968517, "Food101-0.1": 0.3829225352112676, "Food101-0.3": 0.4046361502347418, "Food101-0.5": 0.3941901408450704, "Food101-0.7": 0.411657444668008, "Food101--1": 0.41390845070422533}