{
    "EMNIST-0.1": 0.5354635334575154,
    "DTD-0.1": 0.23214285714285715,
    "DTD-0.3": 0.40236686390532544,
    "DTD-0.5": 0.4219858156028369,
    "DTD-0.7": 0.46446700507614214,
    "DTD--1": 0.5106382978723404,
    "caltech101-0.1": 0.6115384615384616,
    "caltech101-0.3": 0.6666666666666666,
    "caltech101-0.5": 0.6856264411990777,
    "caltech101-0.7": 0.6694124107633168,
    "caltech101--1": 0.6945831732616212,
    "cifar10-0.1": 0.6093333333333333,
    "cifar10-0.3": 0.6193333333333333,
    "cifar10-0.5": 0.6105333333333334,
    "cifar10-0.7": 0.6112380952380952,
    "cifar10--1": 0.6106666666666667,
    "EMNIST-0.3": 0.5359240921465301,
    "EMNIST-0.5": 0.533838321122563,
    "EMNIST-0.7": 0.5297444819704568,
    "EMNIST--1": 0.5345330716069902
}