{"EMNIST-0.7": 0.557916282877904, "caltech101-0.1": 0.055900621118012424, "caltech101-0.3": 0.37577639751552794, "caltech101-0.5": 0.5, "caltech101-0.7": 0.5861095426312818, "caltech101--1": 0.6525621118012422, "cifar10-0.1": 0.5438233264320221, "cifar10-0.3": 0.6112261329652634, "cifar10-0.5": 0.6138266270591413, "cifar10-0.7": 0.6131868131868132, "cifar10--1": 0.6125692913911708, "EMNIST-0.1": 0.5567606306736742, "EMNIST-0.3": 0.5567765567765568, "EMNIST-0.5": 0.5519445771619684, "EMNIST--1": 0.5399283325370282, "GTSRB-0.1": 0.2111801242236025, "GTSRB-0.3": 0.40550133096716945, "GTSRB-0.5": 0.4616977225672878, "GTSRB-0.7": 0.4652904640116916, "GTSRB--1": 0.4726834833312207, "StanfordCars-0.1": 0.006211180124223602, "StanfordCars-0.3": 0.021739130434782608, "StanfordCars-0.5": 0.019520851818988466, "StanfordCars-0.7": 0.0453416149068323, "StanfordCars--1": 0.05921325051759834, "Food101-0.1": 0.18322981366459629, "Food101-0.3": 0.30168589174800353, "Food101-0.5": 0.26291038154392193, "Food101-0.7": 0.2477500316896945, "Food101--1": 0.26399718074093653}