{
    "FGVCAircraft-0.5": 0.286,
    "caltech101-0.1": 0.5120967741935484,
    "caltech101-0.3": 0.5672043010752689,
    "caltech101-0.5": 0.5806451612903226,
    "caltech101-0.7": 0.5535714285714286,
    "caltech101--1": 0.5907258064516129,
    "cifar10-0.1": 0.6001344086021505,
    "cifar10-0.3": 0.5878136200716846,
    "cifar10-0.5": 0.603494623655914,
    "cifar10-0.7": 0.5939900153609831,
    "cifar10--1": 0.5933467741935484,
    "EMNIST-0.1": 0.39698540706605223,
    "EMNIST-0.3": 0.3917824811934209,
    "EMNIST-0.5": 0.38464110992203027,
    "EMNIST-0.7": 0.39673185654584686,
    "EMNIST--1": 0.39227086836875097,
    "GTSRB-0.1": 0.4018817204301075,
    "GTSRB-0.3": 0.4872665534804754,
    "GTSRB-0.5": 0.46950604838709675,
    "GTSRB-0.7": 0.46863799283154123,
    "GTSRB--1": 0.4722782258064516,
    "StanfordCars-0.1": 0.16129032258064516,
    "StanfordCars-0.3": 0.20967741935483872,
    "StanfordCars-0.5": 0.2410394265232975,
    "StanfordCars-0.7": 0.2803970223325062,
    "StanfordCars--1": 0.3119694397283531,
    "Food101-0.1": 0.31451612903225806,
    "Food101-0.3": 0.35663082437275984,
    "Food101-0.5": 0.3658277206664303,
    "Food101-0.7": 0.3743069556451613,
    "Food101--1": 0.3703507844174158
}