{
    "FGVCAircraft-0.3": 0.28,
    "caltech101-0.1": 0.555045871559633,
    "caltech101-0.3": 0.6002621231979031,
    "caltech101-0.5": 0.646371976647206,
    "caltech101-0.7": 0.6043577981651376,
    "caltech101--1": 0.6250498603909055,
    "cifar10-0.1": 0.5610444601270289,
    "cifar10-0.3": 0.5377041843812933,
    "cifar10-0.5": 0.5238801942795467,
    "cifar10-0.7": 0.5231269113149847,
    "cifar10--1": 0.5342529967186768,
    "EMNIST-0.1": 0.34910168195718655,
    "EMNIST-0.3": 0.3468877420998981,
    "EMNIST-0.5": 0.3472572629969419,
    "EMNIST-0.7": 0.34257590650939274,
    "EMNIST--1": 0.3483467125382263,
    "GTSRB-0.1": 0.4076015727391874,
    "GTSRB-0.3": 0.4338138925294889,
    "GTSRB-0.5": 0.4291539245667686,
    "GTSRB-0.7": 0.43407087605684475,
    "GTSRB--1": 0.4414980520296594,
    "StanfordCars-0.1": 0.12385321100917432,
    "StanfordCars-0.3": 0.19724770642201836,
    "StanfordCars-0.5": 0.23436196830692244,
    "StanfordCars-0.7": 0.2801223241590214,
    "StanfordCars--1": 0.304837364470392,
    "Food101-0.1": 0.3293577981651376,
    "Food101-0.3": 0.3509914175791654,
    "Food101-0.5": 0.36538461538461536,
    "Food101-0.7": 0.36254349889275544,
    "Food101--1": 0.3597829922371207
}