{
    "FGVCAircraft-0.1": 0.24242424242424243,
    "DTD--1": 0.5088652482269503,
    "caltech101--1": 0.7345370726085286,
    "cifar10--1": 0.605,
    "EMNIST--1": 0.4726452987166812,
    "DTD-0.1": 0.30357142857142855,
    "DTD-0.3": 0.46745562130177515,
    "DTD-0.5": 0.44680851063829785,
    "DTD-0.7": 0.5050761421319797,
    "caltech101-0.1": 0.6346153846153846,
    "caltech101-0.3": 0.7269230769230769,
    "caltech101-0.5": 0.7232897770945427,
    "caltech101-0.7": 0.7375068643602416,
    "cifar10-0.1": 0.602,
    "cifar10-0.3": 0.6162222222222222,
    "cifar10-0.5": 0.6050666666666666,
    "cifar10-0.7": 0.6108571428571429,
    "EMNIST-0.1": 0.4727515880976262,
    "EMNIST-0.3": 0.4784678330918759,
    "EMNIST-0.5": 0.4725806913811384,
    "EMNIST-0.7": 0.46602531300105754,
    "FGVCAircraft-0.3": 0.2866666666666667,
    "FGVCAircraft-0.5": 0.284,
    "FGVCAircraft-0.7": 0.296137339055794,
    "FGVCAircraft--1": 0.328,
    "GTSRB-0.1": 0.32290362953692114,
    "GTSRB-0.3": 0.3566958698372966,
    "GTSRB-0.5": 0.3531031031031031,
    "GTSRB-0.7": 0.37236324633535933,
    "GTSRB--1": 0.35573073073073075,
    "Food101-0.1": 0.2975352112676056,
    "Food101-0.3": 0.28942350007334605,
    "Food101-0.5": 0.30364372469635625,
    "Food101-0.7": 0.2962217891494311,
    "Food101--1": 0.30635863586358636
}