{"FGVCAircraft-0.7": 0.33047210300429186, "caltech101-0.1": 0.631578947368421, "caltech101-0.3": 0.7416267942583732, "caltech101-0.5": 0.7137161084529505, "caltech101-0.7": 0.6830143540669856, "caltech101--1": 0.6519138755980861, "cifar10-0.1": 0.6090225563909775, "cifar10-0.3": 0.6240601503759399, "cifar10-0.5": 0.6020505809979494, "cifar10-0.7": 0.6070813397129187, "cifar10--1": 0.5956600849113821, "EMNIST-0.1": 0.4461244019138756, "EMNIST-0.3": 0.4304784688995215, "EMNIST-0.5": 0.4392535885167464, "EMNIST-0.7": 0.4386761222860029, "EMNIST--1": 0.45017661764073247, "GTSRB-0.1": 0.4370015948963317, "GTSRB-0.3": 0.37451065680730755, "GTSRB-0.5": 0.3689247041047595, "GTSRB-0.7": 0.3790945896209054, "GTSRB--1": 0.37547217325610677, "StanfordCars-0.1": 0.07177033492822966, "StanfordCars-0.3": 0.15151515151515152, "StanfordCars-0.5": 0.18851674641148325, "StanfordCars-0.7": 0.24282296650717702, "StanfordCars--1": 0.2753371030882993, "Food101-0.1": 0.3952153110047847, "Food101-0.3": 0.42613636363636365, "Food101-0.5": 0.4294701399964558, "Food101-0.7": 0.4213044573155377, "Food101--1": 0.4363370547581074, "FGVCAircraft-0.1": 0.1414141414141414, "FGVCAircraft-0.3": 0.25333333333333335, "FGVCAircraft-0.5": 0.3, "FGVCAircraft--1": 0.339}