{"FGVCAircraft--1": 0.382, "caltech101-0.1": 0.6333333333333333, "caltech101-0.3": 0.7194444444444444, "caltech101-0.5": 0.734375, "caltech101-0.7": 0.7, "caltech101--1": 0.73046875, "cifar10-0.1": 0.6347222222222222, "cifar10-0.3": 0.6497767857142858, "cifar10-0.5": 0.6317204301075269, "cifar10-0.7": 0.6355916030534351, "cifar10--1": 0.6310828877005348, "EMNIST-0.1": 0.5275862068965518, "EMNIST-0.3": 0.5287898089171974, "EMNIST-0.5": 0.5292909021406728, "EMNIST-0.7": 0.5245974344978166, "EMNIST--1": 0.5296427206725258, "FGVCAircraft-0.1": 0.0875, "FGVCAircraft-0.3": 0.25416666666666665, "FGVCAircraft-0.5": 0.30833333333333335, "FGVCAircraft-0.7": 0.3109375, "GTSRB-0.1": 0.4486111111111111, "GTSRB-0.3": 0.49137931034482757, "GTSRB-0.5": 0.47219387755102044, "GTSRB-0.7": 0.48297101449275365, "GTSRB--1": 0.4810606060606061, "StanfordCars-0.1": 0.05416666666666667, "StanfordCars-0.3": 0.1388888888888889, "StanfordCars-0.5": 0.15916666666666668, "StanfordCars-0.7": 0.2255952380952381, "StanfordCars--1": 0.23625, "Food101-0.1": 0.371875, "Food101-0.3": 0.415, "Food101-0.5": 0.43151408450704226, "Food101-0.7": 0.4246212121212121, "Food101--1": 0.4296654929577465, "DTD-0.1": 0.10714285714285714, "DTD-0.3": 0.378698224852071, "DTD-0.5": 0.475177304964539, "DTD-0.7": 0.5177664974619289, "DTD--1": 0.5460992907801419}