{"Food101--1": 0.4546094609460946, "caltech101-0.1": 0.58203125, "caltech101-0.3": 0.66796875, "caltech101-0.5": 0.67734375, "caltech101-0.7": 0.6702008928571429, "caltech101--1": 0.689453125, "cifar10-0.1": 0.5978260869565217, "cifar10-0.3": 0.6290178571428572, "cifar10-0.5": 0.6152510683760684, "cifar10-0.7": 0.622046493902439, "cifar10--1": 0.5996260683760684, "EMNIST-0.1": 0.4730504587155963, "EMNIST-0.3": 0.4591297145769623, "EMNIST-0.5": 0.46336964831804284, "EMNIST-0.7": 0.45903384279475984, "EMNIST--1": 0.4585514750840721, "FGVCAircraft-0.1": 0.140625, "FGVCAircraft-0.3": 0.26171875, "FGVCAircraft-0.5": 0.27455357142857145, "FGVCAircraft-0.7": 0.271875, "FGVCAircraft--1": 0.30833333333333335, "GTSRB-0.1": 0.41015625, "GTSRB-0.3": 0.47297297297297297, "GTSRB-0.5": 0.4717741935483871, "GTSRB-0.7": 0.49084051724137934, "GTSRB--1": 0.49294354838709675, "StanfordCars-0.1": 0.13020833333333334, "StanfordCars-0.3": 0.2372159090909091, "StanfordCars-0.5": 0.2623355263157895, "StanfordCars-0.7": 0.3233173076923077, "StanfordCars--1": 0.34210526315789475, "Food101-0.1": 0.41026785714285713, "Food101-0.3": 0.43705778301886794, "Food101-0.5": 0.4494173728813559, "Food101-0.7": 0.4426663306451613}