{"Food101-0.5": 0.45713782784721, "caltech101-0.1": 0.6465863453815262, "caltech101-0.3": 0.6599732262382865, "caltech101-0.5": 0.6650602409638554, "caltech101-0.7": 0.6792885829030407, "caltech101--1": 0.6754760979401477, "cifar10-0.1": 0.6338688085676037, "cifar10-0.3": 0.6552878179384204, "cifar10-0.5": 0.6220883534136546, "cifar10-0.7": 0.6181870338496844, "cifar10--1": 0.6184738955823293, "EMNIST-0.1": 0.47026200038248234, "EMNIST-0.3": 0.4720628545929751, "EMNIST-0.5": 0.4749338352617448, "EMNIST-0.7": 0.46458923512747874, "EMNIST--1": 0.4664733477924386, "FGVCAircraft-0.1": 0.21686746987951808, "FGVCAircraft-0.3": 0.27710843373493976, "FGVCAircraft-0.5": 0.28714859437751006, "FGVCAircraft-0.7": 0.29668674698795183, "FGVCAircraft--1": 0.33634538152610444, "GTSRB-0.1": 0.43373493975903615, "GTSRB-0.3": 0.4690189328743546, "GTSRB-0.5": 0.4656124497991968, "GTSRB-0.7": 0.47203740334472216, "GTSRB--1": 0.4674949799196787, "StanfordCars-0.1": 0.12650602409638553, "StanfordCars-0.3": 0.2213855421686747, "StanfordCars-0.5": 0.2538726333907057, "StanfordCars-0.7": 0.31204819277108437, "StanfordCars--1": 0.3165766514333195, "Food101-0.1": 0.4029451137884873, "Food101-0.3": 0.4460769908903908, "Food101-0.7": 0.4470447233962026, "Food101--1": 0.4496226664901364}