{"Food101-0.1": 0.414612676056338, "caltech101-0.1": 0.5869565217391305, "caltech101-0.3": 0.6391304347826087, "caltech101-0.5": 0.6505928853754941, "caltech101-0.7": 0.6428985507246376, "caltech101--1": 0.6438735177865612, "cifar10-0.1": 0.6588628762541806, "cifar10-0.3": 0.6711259754738016, "cifar10-0.5": 0.6469565217391304, "cifar10-0.7": 0.641662685140946, "cifar10--1": 0.6432107023411371, "EMNIST-0.1": 0.4086478738652652, "EMNIST-0.3": 0.4064978499761108, "EMNIST-0.5": 0.4078165312947922, "EMNIST-0.7": 0.39842331581462015, "EMNIST--1": 0.3962064022933588, "GTSRB-0.1": 0.4260869565217391, "GTSRB-0.3": 0.461304347826087, "GTSRB-0.5": 0.44501278772378516, "GTSRB-0.7": 0.45307971014492754, "GTSRB--1": 0.4580970384373031, "StanfordCars-0.1": 0.12173913043478261, "StanfordCars-0.3": 0.21594202898550724, "StanfordCars-0.5": 0.2678260869565217, "StanfordCars-0.7": 0.3167701863354037, "StanfordCars--1": 0.34575569358178054, "Food101-0.3": 0.4378776713338246, "Food101-0.5": 0.44631765749778174, "Food101-0.7": 0.440705734089477, "Food101--1": 0.4420216287795189, "DTD-0.1": 0.26785714285714285, "DTD-0.3": 0.40828402366863903, "DTD-0.5": 0.425531914893617, "DTD-0.7": 0.4720812182741117, "DTD--1": 0.5195035460992907, "FGVCAircraft-0.1": 0.1919191919191919, "FGVCAircraft-0.3": 0.24666666666666667, "FGVCAircraft-0.5": 0.27, "FGVCAircraft-0.7": 0.2804005722460658, "FGVCAircraft--1": 0.296}