{"Food101-0.7": 0.4381090086125605, "caltech101-0.1": 0.7058823529411765, "caltech101-0.3": 0.6885026737967914, "caltech101-0.5": 0.6809269162210339, "caltech101-0.7": 0.6625074272133096, "caltech101--1": 0.65117235705471, "cifar10-0.1": 0.6370320855614974, "cifar10-0.3": 0.6461675579322638, "cifar10-0.5": 0.6299465240641712, "cifar10-0.7": 0.6323529411764706, "cifar10--1": 0.636096256684492, "EMNIST-0.1": 0.38184708772944065, "EMNIST-0.3": 0.4053954824806449, "EMNIST-0.5": 0.40623535151578927, "EMNIST-0.7": 0.411607624589369, "EMNIST--1": 0.40391774550424603, "GTSRB-0.1": 0.35962566844919786, "GTSRB-0.3": 0.40106951871657753, "GTSRB-0.5": 0.3980137509549274, "GTSRB-0.7": 0.3968283238060114, "GTSRB--1": 0.39037433155080214, "StanfordCars-0.1": 0.10160427807486631, "StanfordCars-0.3": 0.18716577540106952, "StanfordCars-0.5": 0.20855614973262032, "StanfordCars-0.7": 0.2786690433749257, "StanfordCars--1": 0.29823118058412174, "Food101-0.1": 0.4006238859180036, "Food101-0.3": 0.43137254901960786, "Food101-0.5": 0.4373440285204991, "Food101--1": 0.44071242321120785, "FGVCAircraft-0.1": 0.23232323232323232, "FGVCAircraft-0.3": 0.2733333333333333, "FGVCAircraft-0.5": 0.292, "FGVCAircraft-0.7": 0.2932761087267525, "FGVCAircraft--1": 0.323}