{"Food101-0.5": 0.45713782784721, "caltech101-0.1": 0.6465863453815262, "caltech101-0.3": 0.6599732262382865, "caltech101-0.5": 0.6650602409638554, "caltech101-0.7": 0.6792885829030407, "caltech101--1": 0.6754760979401477, "cifar10-0.1": 0.6338688085676037, "cifar10-0.3": 0.6552878179384204, "cifar10-0.5": 0.6220883534136546, "cifar10-0.7": 0.6181870338496844, "cifar10--1": 0.6184738955823293, "EMNIST-0.1": 0.47026200038248234, "EMNIST-0.3": 0.4720628545929751, "EMNIST-0.5": 0.4749338352617448}