{"Food101-0.3": 0.4441836585008068, "caltech101-0.1": 0.6617647058823529, "caltech101-0.3": 0.6554621848739496, "caltech101-0.5": 0.6748366013071896, "caltech101-0.7": 0.6805074971164936, "caltech101--1": 0.659607843137255, "cifar10-0.1": 0.6337535014005602, "cifar10-0.3": 0.6488413547237076, "cifar10-0.5": 0.6279881815739995, "cifar10-0.7": 0.6303344867358708, "cifar10--1": 0.6248499399759904, "EMNIST-0.1": 0.4510282161645146, "EMNIST-0.3": 0.43333333333333335, "EMNIST-0.5": 0.4430206780567978, "EMNIST-0.7": 0.4483723851657655, "EMNIST--1": 0.42855846042120554, "GTSRB-0.1": 0.4019607843137255, "GTSRB-0.3": 0.45822676896845693, "GTSRB-0.5": 0.44972347913524385, "GTSRB-0.7": 0.46078431372549017, "GTSRB--1": 0.4468325791855204, "StanfordCars-0.1": 0.12745098039215685, "StanfordCars-0.3": 0.21008403361344538, "StanfordCars-0.5": 0.25668449197860965, "StanfordCars-0.7": 0.3075980392156863, "StanfordCars--1": 0.3205456095481671, "Food101-0.1": 0.4028520499108734, "Food101-0.5": 0.446652534887829, "Food101-0.7": 0.44623655913978494, "Food101--1": 0.44501854795972445}