{"GTSRB-0.3": 0.4918648310387985, "caltech101-0.1": 0.623015873015873, "caltech101-0.3": 0.6455026455026455, "caltech101-0.5": 0.6896825396825397, "caltech101-0.7": 0.6819727891156463, "caltech101--1": 0.6777777777777778, "cifar10-0.1": 0.6358543417366946, "cifar10-0.3": 0.644878706199461, "cifar10-0.5": 0.6439272338148743, "cifar10-0.7": 0.6315238095238095, "cifar10--1": 0.631888710540396, "EMNIST-0.1": 0.4322528208070377, "EMNIST-0.3": 0.4323165678587365, "EMNIST-0.5": 0.43869907513567225, "EMNIST-0.7": 0.43100152905198774, "EMNIST--1": 0.4343470534281128, "FGVCAircraft-0.1": 0.2261904761904762, "FGVCAircraft-0.3": 0.2777777777777778, "FGVCAircraft-0.5": 0.29285714285714287, "FGVCAircraft-0.7": 0.30654761904761907, "FGVCAircraft--1": 0.32792207792207795, "GTSRB-0.1": 0.4298941798941799, "GTSRB-0.5": 0.4645390070921986, "GTSRB-0.7": 0.4715007215007215, "GTSRB--1": 0.46654135338345865, "StanfordCars-0.1": 0.13095238095238096, "StanfordCars-0.3": 0.22023809523809523, "StanfordCars-0.5": 0.2508503401360544, "StanfordCars-0.7": 0.31726190476190474, "StanfordCars--1": 0.30582922824302133, "Food101-0.1": 0.40652557319223986, "Food101-0.3": 0.427689594356261, "Food101-0.5": 0.4409171075837742, "Food101-0.7": 0.4395313681027967, "Food101--1": 0.44916225749559086}