{"GTSRB--1": 0.5176426426426426, "caltech101-0.1": 0.5625, "caltech101-0.3": 0.5885416666666666, "caltech101-0.5": 0.61484375, "caltech101-0.7": 0.6043526785714286, "caltech101--1": 0.6203125, "cifar10-0.1": 0.6032608695652174, "cifar10-0.3": 0.6066964285714286, "cifar10-0.5": 0.6032318376068376, "cifar10-0.7": 0.5939405487804879, "cifar10--1": 0.6038327991452992, "EMNIST-0.1": 0.44471521406727826, "EMNIST-0.3": 0.4435684250764526, "EMNIST-0.5": 0.4439889143730887, "EMNIST-0.7": 0.4399904475982533, "EMNIST--1": 0.440528508101498, "FGVCAircraft-0.1": 0.125, "FGVCAircraft-0.3": 0.2421875, "FGVCAircraft-0.5": 0.27232142857142855, "FGVCAircraft-0.7": 0.2796875, "FGVCAircraft--1": 0.30416666666666664, "GTSRB-0.1": 0.4596354166666667, "GTSRB-0.3": 0.49619932432432434, "GTSRB-0.5": 0.4916834677419355, "GTSRB-0.7": 0.49048132183908044, "StanfordCars-0.1": 0.125, "StanfordCars-0.3": 0.203125, "StanfordCars-0.5": 0.24095394736842105, "StanfordCars-0.7": 0.28846153846153844, "StanfordCars--1": 0.30756578947368424, "Food101-0.1": 0.3580357142857143, "Food101-0.3": 0.38797169811320753, "Food101-0.5": 0.3877118644067797, "Food101-0.7": 0.39119203629032256, "Food101--1": 0.398987676056338}