{"GTSRB-0.7": 0.49427958526993204, "caltech101-0.1": 0.55078125, "caltech101-0.3": 0.5950520833333334, "caltech101-0.5": 0.61171875, "caltech101-0.7": 0.6032366071428571, "caltech101--1": 0.61953125, "cifar10-0.1": 0.6134510869565217, "cifar10-0.3": 0.6087053571428571, "cifar10-0.5": 0.6004273504273504, "cifar10-0.7": 0.594702743902439, "cifar10--1": 0.6047676282051282, "EMNIST-0.1": 0.44065366972477066, "EMNIST-0.3": 0.4419597349643221, "EMNIST-0.5": 0.44070145259938837, "EMNIST-0.7": 0.4384074781659389, "EMNIST--1": 0.43533132069703456, "FGVCAircraft-0.1": 0.125, "FGVCAircraft-0.3": 0.23828125, "FGVCAircraft-0.5": 0.26785714285714285, "FGVCAircraft-0.7": 0.284375, "FGVCAircraft--1": 0.3145833333333333, "GTSRB-0.1": 0.4518229166666667, "GTSRB-0.3": 0.5050675675675675, "GTSRB-0.5": 0.49294354838709675, "GTSRB--1": 0.5007560483870968, "StanfordCars-0.1": 0.11458333333333333, "StanfordCars-0.3": 0.19744318181818182, "StanfordCars-0.5": 0.24095394736842105, "StanfordCars-0.7": 0.28966346153846156, "StanfordCars--1": 0.3079769736842105, "Food101-0.1": 0.3566964285714286, "Food101-0.3": 0.3915094339622642, "Food101-0.5": 0.3853283898305085, "Food101-0.7": 0.3901209677419355, "Food101--1": 0.40035211267605636, "DTD-0.1": 0.30357142857142855, "DTD-0.3": 0.3905325443786982, "DTD-0.5": 0.36524822695035464, "DTD-0.7": 0.43147208121827413, "DTD--1": 0.4804964539007092}