{"GTSRB-0.1": 0.4555694618272841, "caltech101-0.1": 0.6171875, "caltech101-0.3": 0.70703125, "caltech101-0.5": 0.69375, "caltech101-0.7": 0.6941964285714286, "caltech101--1": 0.685546875, "cifar10-0.1": 0.6114130434782609, "cifar10-0.3": 0.6136160714285714, "cifar10-0.5": 0.6111111111111112, "cifar10-0.7": 0.5987995426829268, "cifar10--1": 0.5949519230769231, "EMNIST-0.1": 0.5280007645259939, "EMNIST-0.3": 0.5254045616717635, "EMNIST-0.5": 0.5330275229357798, "EMNIST-0.7": 0.5208788209606987, "EMNIST--1": 0.5301847676551513, "FGVCAircraft-0.1": 0.15625, "FGVCAircraft-0.3": 0.2734375, "FGVCAircraft-0.5": 0.3169642857142857, "FGVCAircraft-0.7": 0.3109375, "FGVCAircraft--1": 0.3572916666666667, "GTSRB-0.3": 0.4721283783783784, "GTSRB-0.5": 0.4800907258064516, "GTSRB-0.7": 0.46587643678160917, "GTSRB--1": 0.47505040322580644, "StanfordCars-0.1": 0.11458333333333333, "StanfordCars-0.3": 0.17613636363636365, "StanfordCars-0.5": 0.20970394736842105, "StanfordCars-0.7": 0.27163461538461536, "StanfordCars--1": 0.25493421052631576, "Food101-0.1": 0.40133928571428573, "Food101-0.3": 0.4122936320754717, "Food101-0.5": 0.4313206214689266, "Food101-0.7": 0.4264112903225806, "Food101--1": 0.43569542253521126}