{"GTSRB-0.5": 0.4964964964964965, "caltech101-0.1": 0.5671641791044776, "caltech101-0.3": 0.6540027137042063, "caltech101-0.5": 0.6779261586802828, "caltech101-0.7": 0.6744057490326147, "caltech101--1": 0.6842105263157895, "cifar10-0.1": 0.6458616010854816, "cifar10-0.3": 0.6317665404321675, "cifar10-0.5": 0.6284792254941509, "cifar10-0.7": 0.6218905472636815, "cifar10--1": 0.6211766280704103, "EMNIST-0.1": 0.4690011481056257, "EMNIST-0.3": 0.45859284155529717, "EMNIST-0.5": 0.47080856918990194, "EMNIST-0.7": 0.4607893318046257, "EMNIST--1": 0.463675223880597, "FGVCAircraft-0.1": 0.2537313432835821, "FGVCAircraft-0.3": 0.2798507462686567, "FGVCAircraft-0.5": 0.2537313432835821, "FGVCAircraft-0.7": 0.29701492537313434, "FGVCAircraft--1": 0.30383795309168443, "GTSRB-0.1": 0.44097693351424694, "GTSRB-0.3": 0.5049040511727079, "GTSRB-0.7": 0.48714260025175327, "GTSRB--1": 0.4906559638780886, "StanfordCars-0.1": 0.13432835820895522, "StanfordCars-0.3": 0.24328358208955222, "StanfordCars-0.5": 0.2595356550580431, "StanfordCars-0.7": 0.3408955223880597, "StanfordCars--1": 0.3478441127694859, "Food101-0.1": 0.4233378561736771, "Food101-0.3": 0.4479089700014778, "Food101-0.5": 0.45835909211339754, "Food101-0.7": 0.4531141759556647, "Food101--1": 0.46497600493109675, "DTD-0.1": 0.25, "DTD-0.3": 0.4556213017751479, "DTD-0.5": 0.4432624113475177, "DTD-0.7": 0.47715736040609136, "DTD--1": 0.5159574468085106}