{
    "StanfordCars-0.3": 0.24180327868852458,
    "caltech101-0.1": 0.5703125,
    "caltech101-0.3": 0.6588541666666666,
    "caltech101-0.5": 0.6796875,
    "caltech101-0.7": 0.6607142857142857,
    "caltech101--1": 0.68046875,
    "cifar10-0.1": 0.623641304347826,
    "cifar10-0.3": 0.6412946428571429,
    "cifar10-0.5": 0.6279380341880342,
    "cifar10-0.7": 0.6308117378048781,
    "cifar10--1": 0.6275373931623932,
    "EMNIST-0.1": 0.45140481651376146,
    "EMNIST-0.3": 0.4446992864424057,
    "EMNIST-0.5": 0.44655007645259936,
    "EMNIST-0.7": 0.4421875,
    "EMNIST--1": 0.44447416692143077,
    "FGVCAircraft-0.1": 0.203125,
    "FGVCAircraft-0.3": 0.26171875,
    "FGVCAircraft-0.5": 0.28125,
    "FGVCAircraft-0.7": 0.309375,
    "FGVCAircraft--1": 0.315625,
    "GTSRB-0.1": 0.4479166666666667,
    "GTSRB-0.3": 0.49197635135135137,
    "GTSRB-0.5": 0.48639112903225806,
    "GTSRB-0.7": 0.48257902298850575,
    "GTSRB--1": 0.4904233870967742,
    "StanfordCars-0.1": 0.13541666666666666,
    "StanfordCars-0.5": 0.26069078947368424,
    "StanfordCars-0.7": 0.3137019230769231,
    "StanfordCars--1": 0.3338815789473684,
    "Food101-0.1": 0.4147321428571429,
    "Food101-0.3": 0.4357311320754717,
    "Food101-0.5": 0.4454449152542373,
    "Food101-0.7": 0.4371849798387097,
    "Food101--1": 0.4476232394366197,
    "DTD-0.1": 0.30357142857142855,
    "DTD-0.3": 0.44970414201183434,
    "DTD-0.5": 0.4432624113475177,
    "DTD-0.7": 0.49746192893401014,
    "DTD--1": 0.5070921985815603
}