{"StanfordCars--1": 0.3420168067226891, "caltech101-0.1": 0.5190476190476191, "caltech101-0.3": 0.6246753246753247, "caltech101-0.5": 0.6476190476190476, "caltech101-0.7": 0.6142857142857143, "caltech101--1": 0.6424710424710425, "cifar10-0.1": 0.5503401360544218, "cifar10-0.3": 0.5700892857142857, "cifar10-0.5": 0.5548731642189586, "cifar10-0.7": 0.554, "cifar10--1": 0.5595460614152203, "EMNIST-0.1": 0.40353559483994267, "EMNIST-0.3": 0.40205446727185856, "EMNIST-0.5": 0.40410893454371716, "EMNIST-0.7": 0.39979523582008053, "EMNIST--1": 0.4035200840617089, "FGVCAircraft-0.1": 0.2, "FGVCAircraft-0.3": 0.2642857142857143, "FGVCAircraft-0.5": 0.29591836734693877, "FGVCAircraft-0.7": 0.28095238095238095, "FGVCAircraft--1": 0.3326530612244898, "GTSRB-0.1": 0.42727272727272725, "GTSRB-0.3": 0.47689075630252103, "GTSRB-0.5": 0.4666666666666667, "GTSRB-0.7": 0.47703435804701627, "GTSRB--1": 0.49448621553884714, "StanfordCars-0.1": 0.13333333333333333, "StanfordCars-0.3": 0.21857142857142858, "StanfordCars-0.5": 0.24033613445378152, "StanfordCars-0.7": 0.3107142857142857, "Food101-0.1": 0.37455357142857143, "Food101-0.3": 0.38924889543446245, "Food101-0.5": 0.4141975308641975, "Food101-0.7": 0.40597860289490245, "Food101--1": 0.41084656084656085, "DTD-0.1": 0.2857142857142857, "DTD-0.3": 0.40828402366863903, "DTD-0.5": 0.375886524822695, "DTD-0.7": 0.45685279187817257, "DTD--1": 0.4716312056737589}