{
    "StanfordCars-0.7": 0.33272837265577737,
    "caltech101-0.1": 0.5632183908045977,
    "caltech101-0.3": 0.6436781609195402,
    "caltech101-0.5": 0.6428571428571429,
    "caltech101-0.7": 0.6454022988505748,
    "caltech101--1": 0.6611177170035671,
    "cifar10-0.1": 0.649763353617309,
    "cifar10-0.3": 0.6700473292765382,
    "cifar10-0.5": 0.644480085538626,
    "cifar10-0.7": 0.6375478927203065,
    "cifar10--1": 0.6412723870622828,
    "EMNIST-0.1": 0.4038793103448276,
    "EMNIST-0.3": 0.402043777001929,
    "EMNIST-0.5": 0.4025854902972454,
    "EMNIST-0.7": 0.39687252573238324,
    "EMNIST--1": 0.39652306016567773,
    "FGVCAircraft-0.1": 0.22988505747126436,
    "FGVCAircraft-0.3": 0.23371647509578544,
    "FGVCAircraft-0.5": 0.28735632183908044,
    "FGVCAircraft-0.7": 0.30028735632183906,
    "FGVCAircraft--1": 0.296760710553814,
    "GTSRB-0.1": 0.4367816091954023,
    "GTSRB-0.3": 0.4785014899957429,
    "GTSRB-0.5": 0.4822477650063857,
    "GTSRB-0.7": 0.47683189655172414,
    "GTSRB--1": 0.47694833901730455,
    "StanfordCars-0.1": 0.13218390804597702,
    "StanfordCars-0.3": 0.21264367816091953,
    "StanfordCars-0.5": 0.2627257799671593,
    "StanfordCars--1": 0.33579638752052543,
    "Food101-0.1": 0.381078691423519,
    "Food101-0.3": 0.4211612142646625,
    "Food101-0.5": 0.4282935455349248,
    "Food101-0.7": 0.42945560186939497,
    "Food101--1": 0.44290306953802794
}