{"StanfordCars-0.5": 0.27445652173913043, "caltech101-0.1": 0.6231884057971014, "caltech101-0.3": 0.6391304347826087, "caltech101-0.5": 0.6561996779388084, "caltech101-0.7": 0.6465997770345596, "caltech101--1": 0.6626409017713365, "cifar10-0.1": 0.6485507246376812, "cifar10-0.3": 0.6553442028985508, "cifar10-0.5": 0.6524422973698336, "cifar10-0.7": 0.6495995423340961, "cifar10--1": 0.638016639828234, "EMNIST-0.1": 0.387081293790191, "EMNIST-0.3": 0.39041248606466, "EMNIST-0.5": 0.39108447095713356, "EMNIST-0.7": 0.38680777313791315, "EMNIST--1": 0.38304529343765825, "GTSRB-0.1": 0.38405797101449274, "GTSRB-0.3": 0.45481670929241264, "GTSRB-0.5": 0.4635093167701863, "GTSRB-0.7": 0.44855072463768114, "GTSRB--1": 0.4687261632341724, "StanfordCars-0.1": 0.15217391304347827, "StanfordCars-0.3": 0.23043478260869565, "StanfordCars-0.7": 0.3170289855072464, "StanfordCars--1": 0.3329070758738278, "Food101-0.1": 0.38768115942028986, "Food101-0.3": 0.42014196983141083, "Food101-0.5": 0.42771297278190173, "Food101-0.7": 0.4255828607435413, "Food101--1": 0.43058501237186286, "FGVCAircraft-0.1": 0.1919191919191919, "FGVCAircraft-0.3": 0.2633333333333333, "FGVCAircraft-0.5": 0.28, "FGVCAircraft-0.7": 0.27753934191702434, "FGVCAircraft--1": 0.316}