{"StanfordCars-0.1": 0.15163934426229508, "caltech101-0.1": 0.5321100917431193, "caltech101-0.3": 0.598951507208388, "caltech101-0.5": 0.609674728940784, "caltech101-0.7": 0.6043577981651376, "caltech101--1": 0.6286398085360989, "cifar10-0.1": 0.6252646436132675, "cifar10-0.3": 0.6661445513537704, "cifar10-0.5": 0.6399082568807339, "cifar10-0.7": 0.6438264525993884, "cifar10--1": 0.6394562378624523, "EMNIST-0.1": 0.3671158256880734, "EMNIST-0.3": 0.36509301732925586, "EMNIST-0.5": 0.3634461009174312, "EMNIST-0.7": 0.3589927370030581, "EMNIST--1": 0.36098528287461773, "GTSRB-0.1": 0.3905635648754915, "GTSRB-0.3": 0.4705111402359109, "GTSRB-0.5": 0.45642201834862384, "GTSRB-0.7": 0.4689692390717755, "GTSRB--1": 0.4627372125172804, "StanfordCars-0.3": 0.21253822629969418, "StanfordCars-0.5": 0.24020016680567138, "StanfordCars-0.7": 0.30275229357798167, "StanfordCars--1": 0.3419516263552961, "Food101-0.1": 0.3701834862385321, "Food101-0.3": 0.3980467593962711, "Food101-0.5": 0.4033168666196189, "Food101-0.7": 0.4086048718759886, "Food101--1": 0.40772759350741}